<?xml version="1.0" encoding="utf-8"?>
<Root>
  <Options Language="Neutral">
    <FeatureDescriptors>
      <Item Id="{b727745d-11e7-47f4-9d67-f8f12303b67a}">
        <Counter>1</Counter>
        <FeatureName>Add to ISystemAccessServiceManagementService interface</FeatureName>
      </Item>
      <Item Id="{99f09d77-a373-454d-b791-33aeb7b0cf75}">
        <Counter>36</Counter>
        <FeatureName>Make Explicit</FeatureName>
      </Item>
      <Item Id="{4aaacab2-3ac6-4c72-b7d3-1f52582249fa}">
        <Counter>60</Counter>
        <FeatureName>Throw Exceptions Contract</FeatureName>
      </Item>
      <Item Id="{611c3904-ee04-4a48-a71b-1693a9491a79}">
        <Counter>142</Counter>
        <FeatureName>Move Type to File</FeatureName>
      </Item>
      <Item Id="{e7deed43-311c-4c5c-adb9-dcc27957e687}">
        <Counter>9</Counter>
        <FeatureName>Collapse Property</FeatureName>
      </Item>
      <Item Id="{e40c8a6b-2051-4b85-ad66-09949676ee99}">
        <Counter>1</Counter>
        <FeatureName>Remove Unused Parameter: host</FeatureName>
      </Item>
      <Item Id="{354ec988-3fe3-4dd7-bdb4-910639e255ea}">
        <Counter>3</Counter>
        <FeatureName>Reverse Boolean</FeatureName>
      </Item>
      <Item Id="{82209537-715b-44a9-8a02-203069dbbd4d}">
        <Counter>65</Counter>
        <FeatureName>Use Expression Body</FeatureName>
      </Item>
      <Item Id="{dec27a22-5155-4005-a305-48c9e4fb6223}">
        <Counter>13</Counter>
        <FeatureName>Inline Temp</FeatureName>
      </Item>
      <Item Id="{f73eca2a-2a6c-414e-acd4-e3db3a7b834c}">
        <Counter>55</Counter>
        <FeatureName>Declare Method</FeatureName>
      </Item>
      <Item Id="{72d056a2-668e-4a16-9e3f-d8b42d62a246}">
        <Counter>101</Counter>
        <FeatureName>Rename File to Match Type</FeatureName>
      </Item>
      <Item Id="{7f28e321-6252-4d1f-8de8-8929f73c73ce}">
        <Counter>7</Counter>
        <FeatureName>Declare Property</FeatureName>
      </Item>
      <Item Id="{29b26ada-2737-41a5-b6fa-0978598ce663}">
        <Counter>42</Counter>
        <FeatureName>Declare Local</FeatureName>
      </Item>
      <Item Id="{68a0a4b7-4049-4199-83be-83ff705b4525}">
        <Counter>1</Counter>
        <FeatureName>Rename Type to Match File</FeatureName>
      </Item>
      <Item Id="{1bbcdfee-71e5-4b49-8408-413107956947}">
        <Counter>14</Counter>
        <FeatureName>Rename</FeatureName>
      </Item>
      <Item Id="{2bd32102-0d79-413d-a9c2-b3926cdda2c2}">
        <Counter>108</Counter>
        <FeatureName>Declare Field with Initializer</FeatureName>
      </Item>
      <Item Id="{f4d786bb-4ffa-4610-a2e7-301b8cc42486}">
        <Counter>12</Counter>
        <FeatureName>Declare Property with Initializer</FeatureName>
      </Item>
      <Item Id="{3a3f406d-d3d3-4c01-a58f-5de367369944}">
        <Counter>1</Counter>
        <FeatureName>Add to ILogEntry interface</FeatureName>
      </Item>
      <Item Id="{390b1f26-632a-45b3-a03a-035c594f50a9}">
        <Counter>1</Counter>
        <FeatureName>Convert to Property with Backing Store</FeatureName>
      </Item>
      <Item Id="{33a31569-d582-4cc1-8156-3220bc6d90ee}">
        <Counter>1</Counter>
        <FeatureName>Add to IUserAuthorization interface</FeatureName>
      </Item>
      <Item Id="{2bcfcbe6-d986-4e27-91ea-4a26f7526635}">
        <Counter>1</Counter>
        <FeatureName>Add to ISystemContext interface</FeatureName>
      </Item>
      <Item Id="{fd033a33-adfa-4545-bfc2-f6d105e8a23d}">
        <Counter>75</Counter>
        <FeatureName>Code Cleanup</FeatureName>
      </Item>
      <Item Id="{7eb4596d-4617-492c-af1e-64d89dd58179}">
        <Counter>7</Counter>
        <FeatureName>Declare Property (auto-implemented)</FeatureName>
      </Item>
      <Item Id="{f6b05081-3b2f-446f-8ef8-e8b48edf371f}">
        <Counter>1</Counter>
        <FeatureName>Add to IEmployeeService interface</FeatureName>
      </Item>
      <Item Id="{60ac702d-ae51-4cb7-8c70-c91767c10102}">
        <Counter>1</Counter>
        <FeatureName>Add to IEventCreatorFactory interface</FeatureName>
      </Item>
      <Item Id="{e9ce8ee3-ca70-42d9-9f4c-8a632d3172e4}">
        <Counter>26</Counter>
        <FeatureName>Convert to string interpolation</FeatureName>
      </Item>
      <Item Id="{db7a31ee-2489-4db2-9b06-90ba55ca9f00}">
        <Counter>31</Counter>
        <FeatureName>Organize Members</FeatureName>
      </Item>
      <Item Id="{8df946d6-cf4b-41b2-850d-c94d373ec0db}">
        <Counter>50</Counter>
        <FeatureName>Remove Type Qualifier (remove all)</FeatureName>
      </Item>
      <Item Id="{c6aa95b0-84b8-4673-a810-b5cff610a443}">
        <Counter>1</Counter>
        <FeatureName>Convert to Auto-implemented Property (convert all)</FeatureName>
      </Item>
      <Item Id="{37136a66-cc88-4ebb-9c45-adbbec80a07e}">
        <Counter>4</Counter>
        <FeatureName>Create Event Trigger</FeatureName>
      </Item>
      <Item Id="{a9712cae-d828-4636-9a2e-66c06cdb91de}">
        <Counter>5</Counter>
        <FeatureName>Use nameof</FeatureName>
      </Item>
      <Item Id="{8c4bf94a-ac95-47b7-9442-8204194ed790}">
        <Counter>3</Counter>
        <FeatureName>Simplify Expression</FeatureName>
      </Item>
      <Item Id="{af12ea30-6690-4e28-8645-b425bf556adb}">
        <Counter>40</Counter>
        <FeatureName>Declare Field</FeatureName>
      </Item>
      <Item Id="{d687a9c0-54eb-469e-ac48-f3b96c0e58e2}">
        <Counter>5</Counter>
        <FeatureName>Break Apart Arguments</FeatureName>
      </Item>
      <Item Id="{27f3c845-76e0-49f2-887c-ff001288204f}">
        <Counter>20</Counter>
        <FeatureName>Optimize Namespace References</FeatureName>
      </Item>
      <Item Id="{3c7a38f4-7d54-48b6-a1ef-c4ff3b715e0b}">
        <Counter>5</Counter>
        <FeatureName>Break Apart Parameters</FeatureName>
      </Item>
      <Item Id="{79b8104e-e6d7-4515-a45b-660e6427fdb1}">
        <Counter>3</Counter>
        <FeatureName>Add to IEventCreator interface</FeatureName>
      </Item>
      <Item Id="{0e95fd6a-cf01-4596-9c71-b5b12487293f}">
        <Counter>11</Counter>
        <FeatureName>Extract Interface</FeatureName>
      </Item>
      <Item Id="{09eb61e9-f19c-4071-a756-ef2aa7e7ceee}">
        <Counter>14</Counter>
        <FeatureName>Reorder Parameters</FeatureName>
      </Item>
      <Item Id="{eacef616-656b-403a-927b-a2d88a960863}">
        <Counter>2</Counter>
        <FeatureName>Remove Unused Parameter: dateTimeService</FeatureName>
      </Item>
      <Item Id="{ec7b172e-4612-4082-92e0-9f6ba4df5c45}">
        <Counter>17</Counter>
        <FeatureName>Convert to Property with Backing Field</FeatureName>
      </Item>
      <Item Id="{d38be613-8851-44bd-8174-2c690ce980a5}">
        <Counter>1</Counter>
        <FeatureName>Add to IManagedICoreApi interface</FeatureName>
      </Item>
      <Item Id="{3cc767db-6944-4fbb-b789-eeacc0c158b1}">
        <Counter>6</Counter>
        <FeatureName>Convert to Auto-implemented Property</FeatureName>
      </Item>
      <Item Id="{9a466e4e-fe86-42e8-b0c2-c79a96ab66db}">
        <Counter>2</Counter>
        <FeatureName>Add to ICodeProjectRoslynMetadataResolver interface</FeatureName>
      </Item>
      <Item Id="{46d42db8-70bc-415a-a8b1-492eee675e77}">
        <Counter>1</Counter>
        <FeatureName>Add to IAssembly interface</FeatureName>
      </Item>
      <Item Id="{a55fba4a-c18d-46b0-9694-369be17ea8d3}">
        <Counter>2</Counter>
        <FeatureName>Add Setter</FeatureName>
      </Item>
      <Item Id="{1f921f18-1289-48fa-8766-85e29af6cf84}">
        <Counter>1</Counter>
        <FeatureName>Widen Scope</FeatureName>
      </Item>
      <Item Id="{a95ff497-b8eb-44b4-b224-2f09a58703e2}">
        <Counter>1</Counter>
        <FeatureName>Add to ITrackingCleanupSession interface</FeatureName>
      </Item>
      <Item Id="{80dd1300-6f47-4ec0-9b11-1a3a324096b2}">
        <Counter>1</Counter>
        <FeatureName>Remove Unused Parameter: reportWriter</FeatureName>
      </Item>
      <Item Id="{b395463b-d9d6-455c-ab9f-61403f005d8a}">
        <Counter>1</Counter>
        <FeatureName>Remove Unused Parameter: cancellationToken</FeatureName>
      </Item>
      <Item Id="{6af9eafc-5734-4392-b120-30f8ff499fbb}">
        <Counter>4</Counter>
        <FeatureName>Encapsulate Property</FeatureName>
      </Item>
      <Item Id="{d1cf6b0c-bb99-448a-87e5-b76eec8fa41d}">
        <Counter>1</Counter>
        <FeatureName>Remove Unused Parameter: configurationElement</FeatureName>
      </Item>
      <Item Id="{3c9a0311-7898-4250-ae15-83e58137913d}">
        <Counter>1</Counter>
        <FeatureName>Split Initialization from Declaration</FeatureName>
      </Item>
      <Item Id="{6fade8a2-24a3-405d-8b9f-f9c41c97d33a}">
        <Counter>1</Counter>
        <FeatureName>Add to IAssemblyCacheManager interface</FeatureName>
      </Item>
      <Item Id="{ecb510b2-6861-4bf6-9afc-0f22859760a4}">
        <Counter>4</Counter>
        <FeatureName>Declare...</FeatureName>
      </Item>
      <Item Id="{6d8cba18-b603-4e5c-b1db-dbb8000f5b1b}">
        <Counter>1</Counter>
        <FeatureName>Remove Unused Parameter: assemblyGeneration</FeatureName>
      </Item>
      <Item Id="{71df0422-1ae6-418d-adb9-146e6f231c4c}">
        <Counter>1</Counter>
        <FeatureName>Contract.Assert Contract</FeatureName>
      </Item>
      <Item Id="{ee133a01-d261-4685-b929-a89b4ab135bf}">
        <Counter>4</Counter>
        <FeatureName>Split String</FeatureName>
      </Item>
      <Item Id="{94207c54-9e99-426b-9480-88b681393f4d}">
        <Counter>5</Counter>
        <FeatureName>Remove Unused Member</FeatureName>
      </Item>
      <Item Id="{54f87a83-7c3a-4232-a586-4e9074013941}">
        <Counter>1</Counter>
        <FeatureName>Use string.Format</FeatureName>
      </Item>
      <Item Id="{dd470b06-b80a-4b47-a41b-d1e06a6aa786}">
        <Counter>2</Counter>
        <FeatureName>Add to IFileSystemService interface</FeatureName>
      </Item>
      <Item Id="{e009cc13-1211-4a37-a134-947c0e3585c8}">
        <Counter>7</Counter>
        <FeatureName>Declare Constant</FeatureName>
      </Item>
      <Item Id="{d563b65e-2378-437e-bb48-794522df2270}">
        <Counter>6</Counter>
        <FeatureName>Add Missing Constructors</FeatureName>
      </Item>
      <Item Id="{3f681343-0169-4505-a6ba-dbcdb4067d42}">
        <Counter>1</Counter>
        <FeatureName>Add XML Comments</FeatureName>
      </Item>
      <Item Id="{6beec264-ed06-4efe-bdc1-2b34b693e570}">
        <Counter>4</Counter>
        <FeatureName>Declare Class</FeatureName>
      </Item>
      <Item Id="{d71887dc-fd9f-4360-bdc8-1bb239d78afe}">
        <Counter>2</Counter>
        <FeatureName>Declare Interface</FeatureName>
      </Item>
      <Item Id="{ad8b08ef-299e-46ca-81e8-01d5e28c52f5}">
        <Counter>1</Counter>
        <FeatureName>Conditional to Switch</FeatureName>
      </Item>
      <Item Id="{d9ffa5c0-5adc-49c6-9375-9fafbece9f1b}">
        <Counter>2</Counter>
        <FeatureName>Rename to 'm_workspace'</FeatureName>
      </Item>
      <Item Id="{3fced2f3-6fff-46cc-bc82-5288e7e56cb5}">
        <Counter>1</Counter>
        <FeatureName>Rename to 'm_diagnosticsUpdatedNotifiers'</FeatureName>
      </Item>
      <Item Id="{80706e64-9146-46a1-b5a7-33d44dde34df}">
        <Counter>1</Counter>
        <FeatureName>Rename to 'm_textMarkerService'</FeatureName>
      </Item>
      <Item Id="{b303e6e2-ff89-48c5-99cc-4ffdc73f66b0}">
        <Counter>1</Counter>
        <FeatureName>Rename to 'm_braceMatcherHighlighter'</FeatureName>
      </Item>
      <Item Id="{4aeb8b69-aa03-4120-a662-083d3080fad9}">
        <Counter>1</Counter>
        <FeatureName>Rename to 'm_contextActionsRenderer'</FeatureName>
      </Item>
      <Item Id="{70904b3d-cd2f-4265-b986-bc13c64108fb}">
        <Counter>1</Counter>
        <FeatureName>Rename to 'm_classificationHighlightColors'</FeatureName>
      </Item>
      <Item Id="{1b58c615-f676-4b0d-bb67-ea849303d7a6}">
        <Counter>2</Counter>
        <FeatureName>Rename to 'm_roslynHost'</FeatureName>
      </Item>
      <Item Id="{9c489309-90d5-4217-ad76-1f6685fa956b}">
        <Counter>2</Counter>
        <FeatureName>Rename to 'm_documentId'</FeatureName>
      </Item>
      <Item Id="{f38bc3cc-f0e1-4d3e-b624-36db14e4d4c6}">
        <Counter>1</Counter>
        <FeatureName>Rename to 'm_documentFile'</FeatureName>
      </Item>
      <Item Id="{f829bd19-b539-49b2-be1f-f932ef91b28d}">
        <Counter>1</Counter>
        <FeatureName>Rename to 'm_quickInfoProvider'</FeatureName>
      </Item>
      <Item Id="{79ced0f1-1680-4df8-90cb-bc34a7a749a8}">
        <Counter>1</Counter>
        <FeatureName>Rename to 'm_braceMatchingService'</FeatureName>
      </Item>
      <Item Id="{d09e7271-030b-4ccd-8511-7366999ba250}">
        <Counter>1</Counter>
        <FeatureName>Rename to 'm_braceCompletionProvider'</FeatureName>
      </Item>
      <Item Id="{637a5761-e4fc-4ca8-a268-438b6393bdad}">
        <Counter>1</Counter>
        <FeatureName>Rename to 'm_braceMatchingCts'</FeatureName>
      </Item>
      <Item Id="{40782c6b-c3ab-463d-b042-205c89e1642b}">
        <Counter>1</Counter>
        <FeatureName>Rename to 'm_avalonEditTextContainer'</FeatureName>
      </Item>
      <Item Id="{664a4e17-0cfd-4ab4-b2d7-cc9684976dcb}">
        <Counter>1</Counter>
        <FeatureName>Rename to 'm_initialized'</FeatureName>
      </Item>
      <Item Id="{1c0a6cb9-8f49-409a-99c7-406536553bb3}">
        <Counter>2</Counter>
        <FeatureName>Add Parameter</FeatureName>
      </Item>
      <Item Id="{958d09e1-777e-4fa3-9c15-d3a5796541d7}">
        <Counter>2</Counter>
        <FeatureName>Introduce Using Statement</FeatureName>
      </Item>
      <Item Id="{d95d5c3e-8a02-4298-804c-3c3d0ab1387a}">
        <Counter>1</Counter>
        <FeatureName>Rename to 'm_codeFixService'</FeatureName>
      </Item>
      <Item Id="{aa02ab9c-af57-4a49-b379-55f66eb7b655}">
        <Counter>1</Counter>
        <FeatureName>Rename to 'm_provider'</FeatureName>
      </Item>
      <Item Id="{a19556ee-e5cc-4a67-9f46-a94c13fb864d}">
        <Counter>1</Counter>
        <FeatureName>Rename to 'm_codeAction'</FeatureName>
      </Item>
      <Item Id="{740bcad7-d8a1-4d63-ad80-8c897dc53739}">
        <Counter>3</Counter>
        <FeatureName>Implement IEquatable</FeatureName>
      </Item>
      <Item Id="{a3def1e5-ae4f-4f8d-98dc-df54af5fb034}">
        <Counter>1</Counter>
        <FeatureName>Declare Property (with default body)</FeatureName>
      </Item>
      <Item Id="{f09b2a8b-8957-4393-add9-12aa83393349}">
        <Counter>1</Counter>
        <FeatureName>Make Implicit</FeatureName>
      </Item>
      <Item Id="{ec8dc268-2eec-4a97-adc2-e217a92b343d}">
        <Counter>1</Counter>
        <FeatureName>Expand Method</FeatureName>
      </Item>
      <Item Id="{dc77ae37-5417-4cb6-bb02-81007666882a}">
        <Counter>1</Counter>
        <FeatureName>Remove Type Qualifier</FeatureName>
      </Item>
      <Item Id="{1fb801b8-83bf-4d5f-8310-bd82814ee5ae}">
        <Counter>4</Counter>
        <FeatureName>Promote to Parameter</FeatureName>
      </Item>
      <Item Id="{982ad1ca-0c3b-4753-b443-9bd2cefd7200}">
        <Counter>5</Counter>
        <FeatureName>Introduce Change Notification</FeatureName>
      </Item>
      <Item Id="{9968c35d-8e88-4688-8cea-f0caa0bf1a32}">
        <Counter>3</Counter>
        <FeatureName>Declare Parameter</FeatureName>
      </Item>
      <Item Id="{93ca63b1-64fe-4762-8dc8-e77b3e8371db}">
        <Counter>1</Counter>
        <FeatureName>Encapsulate Property with Change Notification</FeatureName>
      </Item>
      <Item Id="{b6d005d2-a78e-4d9f-9f15-858f7da8ee01}">
        <Counter>1</Counter>
        <FeatureName>Expand Getter</FeatureName>
      </Item>
      <Item Id="{1795b4e4-7090-4d18-9419-117fdddb048f}">
        <Counter>1</Counter>
        <FeatureName>Convert to Property with Change Notification</FeatureName>
      </Item>
      <Item Id="{d39d5236-356e-4fd3-9b58-44cdd8fbd937}">
        <Counter>2</Counter>
        <FeatureName>Introduce Setter Guard Clause</FeatureName>
      </Item>
    </FeatureDescriptors>
  </Options>
</Root>