<?xml version="1.0" encoding="utf-8"?>
<Root>
  <Options Language="Neutral">
    <Items>
      <Item Id="{76c59a98-505c-42e3-9145-d0838c0245e7}">
        <FilterName>C - Class</FilterName>
      </Item>
      <Item Id="{5c63acd6-d64c-4906-88d1-e21874ab60c3}">
        <FilterName>S - Struct</FilterName>
      </Item>
      <Item Id="{d544174f-f8d7-4d06-92c3-c98e4056de70}">
        <FilterName>I - Interface</FilterName>
      </Item>
      <Item Id="{370c9e60-8df4-443c-be1c-cd07683e4ae9}">
        <FilterName>E - Enum</FilterName>
      </Item>
      <Item Id="{64c1f77b-280b-4237-a356-6dae3981f8e5}">
        <FilterName>D - Delegate</FilterName>
      </Item>
      <Item Id="{d09c8b95-43de-4a89-b9f6-10b50d792060}">
        <FilterName>M - Methods</FilterName>
      </Item>
      <Item Id="{dfe3253e-59a8-40bb-9b3c-3fb33cdd36be}">
        <FilterName>P - Properties</FilterName>
      </Item>
      <Item Id="{9d80d311-9d15-4d86-a978-d3ff617582a9}">
        <FilterName>V - Events</FilterName>
      </Item>
      <Item Id="{52e9eb20-7f16-4b1c-a1ba-231127c3bb93}">
        <FilterName>F - Fields</FilterName>
      </Item>
      <Item Id="{2a270143-2278-47cb-9fff-5a3997ecdb19}">
        <FilterName>B - Public</FilterName>
      </Item>
      <Item Id="{ed3fdac9-bc98-4af8-b83b-0a0be9246eea}">
        <FilterName>W - Private</FilterName>
      </Item>
      <Item Id="{cb7214d6-690b-48cd-bb90-fe4bf993b47e}">
        <FilterName>O - Protected</FilterName>
      </Item>
      <Item Id="{c1769b00-91ad-4303-8042-5703fae4457f}">
        <FilterName>N - Internal/Friend</FilterName>
      </Item>
      <Item Id="{285347e4-338d-4564-84c3-894761a5ab74}">
        <FilterName>T - Protected Internal/Friend</FilterName>
      </Item>
    </Items>
  </Options>
</Root>