<?xml version="1.0" encoding="utf-8"?>
<Root Type="DevExpress.CodeRush.Foundation.Statistic.StatisticContainer">
  <Options Language="Neutral">
    <Items>
      <Item Id="{072ff00b-6a1d-451b-8ea0-8edf51eb28ae}">
        <FeatureName>Throw Exceptions Contract</FeatureName>
        <Group>Refactorings</Group>
        <Counter>2</Counter>
      </Item>
      <Item Id="{3c6049ff-f680-4cc4-98f1-aee6395df024}">
        <FeatureName>JumpToSymbol</FeatureName>
        <Group>Jump To</Group>
        <Counter>43</Counter>
      </Item>
      <Item Id="{e3ae1887-4e0c-4661-ae50-073c0b3151cd}">
        <FeatureName>DuplicateLine</FeatureName>
        <Group>Smart Duplicate</Group>
        <Counter>1</Counter>
      </Item>
      <Item Id="{52d64e30-2a4a-436f-a493-6e7e08acd6c3}">
        <FeatureName>Convert to Property with Backing Field</FeatureName>
        <Group>Refactorings</Group>
        <Counter>2</Counter>
      </Item>
      <Item Id="{4d2587a1-3b39-4208-990e-376190d6fb92}">
        <FeatureName>Rename File to Match Type</FeatureName>
        <Group>Refactorings</Group>
        <Counter>3</Counter>
      </Item>
      <Item Id="{7af1f223-031b-41f8-b15e-53e4c0816279}">
        <FeatureName>Move Type to File</FeatureName>
        <Group>Refactorings</Group>
        <Counter>4</Counter>
      </Item>
      <Item Id="{35480a1b-f2f8-43d5-860c-e2fdda40bd3f}">
        <FeatureName>Declare Class</FeatureName>
        <Group>Refactorings</Group>
        <Counter>3</Counter>
      </Item>
      <Item Id="{f8d1b15a-218b-414b-b974-f1ba559c7f75}">
        <FeatureName>Move Type to Namespace</FeatureName>
        <Group>Refactorings</Group>
        <Counter>2</Counter>
      </Item>
      <Item Id="{6647f41a-bd86-4bb8-94a5-c911ea314f83}">
        <FeatureName>Convert to Auto-implemented Property</FeatureName>
        <Group>Refactorings</Group>
        <Counter>3</Counter>
      </Item>
      <Item Id="{da3365fa-fa85-4462-a16a-54d5e149f5af}">
        <FeatureName>tee</FeatureName>
        <Group>Templates</Group>
        <Counter>5</Counter>
      </Item>
      <Item Id="{15165582-1fef-44a9-a065-442924637ff0}">
        <FeatureName>using</FeatureName>
        <Group>Templates</Group>
        <Counter>2</Counter>
      </Item>
      <Item Id="{ef9cf76f-36bc-4ded-a884-2f1a9360f4c9}">
        <FeatureName>SmartSelection</FeatureName>
        <Group>Other features</Group>
        <Counter>2</Counter>
      </Item>
      <Item Id="{6b42788c-1210-48ca-ae65-db612a6a945f}">
        <FeatureName>Test(s) Run</FeatureName>
        <Group>Test Runner</Group>
        <Counter>13</Counter>
      </Item>
      <Item Id="{4bc6f0dc-1be3-4d4a-92d3-e57931cabc7d}">
        <FeatureName>Smart Semicolon</FeatureName>
        <Group>Refactorings</Group>
        <Counter>4</Counter>
      </Item>
      <Item Id="{faf7b1b7-c60e-4a78-9314-606c04b545aa}">
        <FeatureName>Members</FeatureName>
        <Group>Jump To</Group>
        <Counter>6</Counter>
      </Item>
      <Item Id="{e082be03-7da8-493f-996d-5195080be228}">
        <FeatureName>testm</FeatureName>
        <Group>Templates</Group>
        <Counter>2</Counter>
      </Item>
      <Item Id="{dfe665a6-ea54-4fc3-af10-f4b38497be9d}">
        <FeatureName>JumpToEverything</FeatureName>
        <Group>Jump To</Group>
        <Counter>1</Counter>
      </Item>
    </Items>
  </Options>
</Root>