<?xml version="1.0" encoding="utf-8"?>
<Root Type="DevExpress.CodeRush.Foundation.Templates.TemplateAdvisor.TemplateAdvisorOptions">
  <Options Language="C#">
    <ExpandedTemplates>
      <Item>fi</Item>
      <Item>mb</Item>
      <Item>pi</Item>
      <Item>f.</Item>
      <Item>tee</Item>
      <Item>ai</Item>
      <Item>a</Item>
      <Item>ab</Item>
      <Item>m.</Item>
      <Item>for</Item>
      <Item>vm</Item>
      <Item>fs</Item>
      <Item>/p</Item>
      <Item>as</Item>
      <Item>testm</Item>
      <Item>ms</Item>
      <Item>switch</Item>
      <Item>sw</Item>
      <Item>using</Item>
      <Item>fg</Item>
      <Item>ag</Item>
      <Item>mo</Item>
      <Item>ad</Item>
    </ExpandedTemplates>
  </Options>
</Root>