<?xml version="1.0" encoding="utf-8"?>
<Root Type="DevExpress.CodeRush.VisualStudio.IconBranding.MenuItemsPriorityDescriptor">
  <Options Language="Neutral">
    <FeatureDescriptors>
      <Item Id="{86dc26f1-4595-494e-bde3-8aa9be2de9ec}">
        <Counter>1</Counter>
        <FeatureName>Add to ISystemAccessServiceManagementService interface</FeatureName>
      </Item>
      <Item Id="{a8b15c45-8d48-4731-b6d0-61f6269d9eae}">
        <Counter>36</Counter>
        <FeatureName>Make Explicit</FeatureName>
      </Item>
      <Item Id="{8226778f-4efc-4449-b400-2f64fa0a7876}">
        <Counter>65</Counter>
        <FeatureName>Throw Exceptions Contract</FeatureName>
      </Item>
      <Item Id="{9b372c36-29a0-4e13-a231-ada0c6419fd9}">
        <Counter>146</Counter>
        <FeatureName>Move Type to File</FeatureName>
      </Item>
      <Item Id="{601b4e41-7eea-46f7-a08c-211ada280e7e}">
        <Counter>9</Counter>
        <FeatureName>Collapse Property</FeatureName>
      </Item>
      <Item Id="{4fef5f6c-9e32-4792-99ad-758c0fb7aaeb}">
        <Counter>1</Counter>
        <FeatureName>Remove Unused Parameter: host</FeatureName>
      </Item>
      <Item Id="{a6cf67c1-8445-44f6-a417-837a4e30bcc0}">
        <Counter>3</Counter>
        <FeatureName>Reverse Boolean</FeatureName>
      </Item>
      <Item Id="{d22015c5-f821-44e8-af8b-14eb9ae10021}">
        <Counter>66</Counter>
        <FeatureName>Use Expression Body</FeatureName>
      </Item>
      <Item Id="{65d8e928-ecc6-48f2-802f-1586f049725f}">
        <Counter>13</Counter>
        <FeatureName>Inline Temp</FeatureName>
      </Item>
      <Item Id="{84a75d53-97b8-4a00-93cc-0d42bcc3c12f}">
        <Counter>66</Counter>
        <FeatureName>Declare Method</FeatureName>
      </Item>
      <Item Id="{32a166d2-f183-418e-b331-cb1793326ec5}">
        <Counter>108</Counter>
        <FeatureName>Rename File to Match Type</FeatureName>
      </Item>
      <Item Id="{17afc1ac-7b5c-49c1-b6b9-950313345b3c}">
        <Counter>7</Counter>
        <FeatureName>Declare Property</FeatureName>
      </Item>
      <Item Id="{dd012e9c-1362-4a53-8d32-59fda81ea04b}">
        <Counter>45</Counter>
        <FeatureName>Declare Local</FeatureName>
      </Item>
      <Item Id="{5dd7bd03-ce6c-491f-a506-cc47b0f8fd3f}">
        <Counter>1</Counter>
        <FeatureName>Rename Type to Match File</FeatureName>
      </Item>
      <Item Id="{7d48cdd3-f2e8-45cb-b33d-19f5aa58214e}">
        <Counter>17</Counter>
        <FeatureName>Rename</FeatureName>
      </Item>
      <Item Id="{6e77836b-f990-4cc4-9bbb-fea608c0b7e1}">
        <Counter>113</Counter>
        <FeatureName>Declare Field with Initializer</FeatureName>
      </Item>
      <Item Id="{12532e4e-8d32-4c12-bc3f-0098ddd4eb9a}">
        <Counter>21</Counter>
        <FeatureName>Declare Property with Initializer</FeatureName>
      </Item>
      <Item Id="{f3ec7209-cc91-4dde-a1ba-df39faa25274}">
        <Counter>1</Counter>
        <FeatureName>Add to ILogEntry interface</FeatureName>
      </Item>
      <Item Id="{d1908442-122c-49e0-a3b5-39c2dcc35e23}">
        <Counter>1</Counter>
        <FeatureName>Convert to Property with Backing Store</FeatureName>
      </Item>
      <Item Id="{e72c3bed-ed47-4355-87ca-98acc92d629c}">
        <Counter>1</Counter>
        <FeatureName>Add to IUserAuthorization interface</FeatureName>
      </Item>
      <Item Id="{be5268d2-1947-4d01-a4b7-6d7d8c93c0a8}">
        <Counter>1</Counter>
        <FeatureName>Add to ISystemContext interface</FeatureName>
      </Item>
      <Item Id="{d5bff448-230e-464f-9882-1ae9de523966}">
        <Counter>83</Counter>
        <FeatureName>Code Cleanup</FeatureName>
      </Item>
      <Item Id="{b251678a-5a6b-4bfe-bc53-25ed9fc67d0d}">
        <Counter>16</Counter>
        <FeatureName>Declare Property (auto-implemented)</FeatureName>
      </Item>
      <Item Id="{371049d0-2936-4a10-9c34-ca7a9a4a2e39}">
        <Counter>1</Counter>
        <FeatureName>Add to IEmployeeService interface</FeatureName>
      </Item>
      <Item Id="{e4add278-745e-4055-ae0d-7a78ca435a50}">
        <Counter>1</Counter>
        <FeatureName>Add to IEventCreatorFactory interface</FeatureName>
      </Item>
      <Item Id="{bd3c74ca-731c-4c83-90e7-08b5e6c4c89c}">
        <Counter>26</Counter>
        <FeatureName>Convert to string interpolation</FeatureName>
      </Item>
      <Item Id="{cbb6cde9-f10b-44f9-be90-9ebba0e96398}">
        <Counter>34</Counter>
        <FeatureName>Organize Members</FeatureName>
      </Item>
      <Item Id="{23f4cc3a-debf-4e33-82a1-2803dadabece}">
        <Counter>50</Counter>
        <FeatureName>Remove Type Qualifier (remove all)</FeatureName>
      </Item>
      <Item Id="{5bce1b9d-1f03-4684-8f6a-c8d9f76e3972}">
        <Counter>1</Counter>
        <FeatureName>Convert to Auto-implemented Property (convert all)</FeatureName>
      </Item>
      <Item Id="{43d97e3f-7345-4af4-99e3-fa2cfbfc8af3}">
        <Counter>4</Counter>
        <FeatureName>Create Event Trigger</FeatureName>
      </Item>
      <Item Id="{a042c1ef-2b9b-4327-b9c3-5181b486ccba}">
        <Counter>5</Counter>
        <FeatureName>Use nameof</FeatureName>
      </Item>
      <Item Id="{7bac54bb-1c8c-4b5d-bd41-f2afac10c0d3}">
        <Counter>3</Counter>
        <FeatureName>Simplify Expression</FeatureName>
      </Item>
      <Item Id="{75841acc-d187-4d38-9e9b-6d2c85976bae}">
        <Counter>46</Counter>
        <FeatureName>Declare Field</FeatureName>
      </Item>
      <Item Id="{0e856050-3d77-4fea-87ce-4bf6fe231265}">
        <Counter>5</Counter>
        <FeatureName>Break Apart Arguments</FeatureName>
      </Item>
      <Item Id="{a9c7ea9a-6175-45dc-a6f0-1ab107727db8}">
        <Counter>22</Counter>
        <FeatureName>Optimize Namespace References</FeatureName>
      </Item>
      <Item Id="{c3009978-efc2-41a4-b845-d20a917485ca}">
        <Counter>5</Counter>
        <FeatureName>Break Apart Parameters</FeatureName>
      </Item>
      <Item Id="{aa80497e-52e6-407b-89a7-fc4e5def65c3}">
        <Counter>3</Counter>
        <FeatureName>Add to IEventCreator interface</FeatureName>
      </Item>
      <Item Id="{09b9e97e-a6d9-402d-8ea9-9d32900427f1}">
        <Counter>11</Counter>
        <FeatureName>Extract Interface</FeatureName>
      </Item>
      <Item Id="{b9648d17-dbc7-4243-bf4d-c2d24c55b028}">
        <Counter>14</Counter>
        <FeatureName>Reorder Parameters</FeatureName>
      </Item>
      <Item Id="{eb38dee3-d569-47a0-931e-739c0082a0d4}">
        <Counter>2</Counter>
        <FeatureName>Remove Unused Parameter: dateTimeService</FeatureName>
      </Item>
      <Item Id="{e4fa43ed-5f09-4435-9d7f-6c3038a1bd30}">
        <Counter>20</Counter>
        <FeatureName>Convert to Property with Backing Field</FeatureName>
      </Item>
      <Item Id="{49ca9f62-1d3f-42b8-8e52-0efd83300eaf}">
        <Counter>1</Counter>
        <FeatureName>Add to IManagedICoreApi interface</FeatureName>
      </Item>
      <Item Id="{4feb4c27-4fd0-41c9-80b1-b47e50f6eb0f}">
        <Counter>13</Counter>
        <FeatureName>Convert to Auto-implemented Property</FeatureName>
      </Item>
      <Item Id="{be3ad91f-d921-45e5-908c-49dc2a96e3d5}">
        <Counter>2</Counter>
        <FeatureName>Add to ICodeProjectRoslynMetadataResolver interface</FeatureName>
      </Item>
      <Item Id="{845fffb9-48db-48bf-a103-bf1ec61a8624}">
        <Counter>1</Counter>
        <FeatureName>Add to IAssembly interface</FeatureName>
      </Item>
      <Item Id="{d5f552e9-ec9d-45e7-9f45-058d033be8d8}">
        <Counter>9</Counter>
        <FeatureName>Add Setter</FeatureName>
      </Item>
      <Item Id="{ec95a38a-80b7-4649-b1cc-b915286f1a46}">
        <Counter>2</Counter>
        <FeatureName>Widen Scope</FeatureName>
      </Item>
      <Item Id="{d8163315-d4a7-4715-ad6c-a7186618d1fa}">
        <Counter>1</Counter>
        <FeatureName>Add to ITrackingCleanupSession interface</FeatureName>
      </Item>
      <Item Id="{059d92b4-9e53-42be-abff-cdc63611408c}">
        <Counter>1</Counter>
        <FeatureName>Remove Unused Parameter: reportWriter</FeatureName>
      </Item>
      <Item Id="{00d32cc3-38c9-470b-8e40-973ae9c387ab}">
        <Counter>1</Counter>
        <FeatureName>Remove Unused Parameter: cancellationToken</FeatureName>
      </Item>
      <Item Id="{6c6c014c-56a5-4177-8e81-858c53338aef}">
        <Counter>5</Counter>
        <FeatureName>Encapsulate Property</FeatureName>
      </Item>
      <Item Id="{8b781f50-fe72-4524-bd74-c6c142cb3811}">
        <Counter>1</Counter>
        <FeatureName>Remove Unused Parameter: configurationElement</FeatureName>
      </Item>
      <Item Id="{a679d1bd-fd42-4ffb-bb25-a5165cada71c}">
        <Counter>1</Counter>
        <FeatureName>Split Initialization from Declaration</FeatureName>
      </Item>
      <Item Id="{b7e7637b-cbd6-4297-a0bc-f8d4b9860747}">
        <Counter>1</Counter>
        <FeatureName>Add to IAssemblyCacheManager interface</FeatureName>
      </Item>
      <Item Id="{bb51efef-5732-4dea-863f-6abb0da89441}">
        <Counter>4</Counter>
        <FeatureName>Declare...</FeatureName>
      </Item>
      <Item Id="{5e30fb3b-9edc-4a83-8a2d-cf7e7825d5f6}">
        <Counter>1</Counter>
        <FeatureName>Remove Unused Parameter: assemblyGeneration</FeatureName>
      </Item>
      <Item Id="{7da8fae4-e832-4c16-9514-5760e8b72c31}">
        <Counter>1</Counter>
        <FeatureName>Contract.Assert Contract</FeatureName>
      </Item>
      <Item Id="{6e436814-e863-42de-94e0-2ed604e8619c}">
        <Counter>4</Counter>
        <FeatureName>Split String</FeatureName>
      </Item>
      <Item Id="{81174f16-d004-4bfa-9656-1227a1967446}">
        <Counter>5</Counter>
        <FeatureName>Remove Unused Member</FeatureName>
      </Item>
      <Item Id="{8a62e10a-5dfd-4642-b74f-7de22aae676a}">
        <Counter>1</Counter>
        <FeatureName>Use string.Format</FeatureName>
      </Item>
      <Item Id="{10b44c46-f326-4699-951b-a9689dee5e86}">
        <Counter>2</Counter>
        <FeatureName>Add to IFileSystemService interface</FeatureName>
      </Item>
      <Item Id="{62cfe895-e762-43eb-aa93-39700beb3274}">
        <Counter>9</Counter>
        <FeatureName>Declare Constant</FeatureName>
      </Item>
      <Item Id="{a54db89e-0f7a-4469-87a2-c02d3e1f616f}">
        <Counter>6</Counter>
        <FeatureName>Add Missing Constructors</FeatureName>
      </Item>
      <Item Id="{2d9fd6d0-bb30-43de-b7b7-4d745e9efe85}">
        <Counter>1</Counter>
        <FeatureName>Add XML Comments</FeatureName>
      </Item>
      <Item Id="{acbe9a41-6157-4bff-b91e-a2daa0f99c26}">
        <Counter>11</Counter>
        <FeatureName>Declare Class</FeatureName>
      </Item>
      <Item Id="{2577bbdc-20d8-45fb-899c-85b74ef93045}">
        <Counter>2</Counter>
        <FeatureName>Declare Interface</FeatureName>
      </Item>
      <Item Id="{1147210a-f5bf-4977-93cf-932f9efd1613}">
        <Counter>1</Counter>
        <FeatureName>Conditional to Switch</FeatureName>
      </Item>
      <Item Id="{403c0ef7-fa03-49df-9b00-aed226693a92}">
        <Counter>2</Counter>
        <FeatureName>Rename to 'm_workspace'</FeatureName>
      </Item>
      <Item Id="{a143a659-0f36-4baf-b48e-00b457fd0ac5}">
        <Counter>1</Counter>
        <FeatureName>Rename to 'm_diagnosticsUpdatedNotifiers'</FeatureName>
      </Item>
      <Item Id="{630eb948-3200-4060-aa48-dbbff6881e80}">
        <Counter>1</Counter>
        <FeatureName>Rename to 'm_textMarkerService'</FeatureName>
      </Item>
      <Item Id="{26dc870e-1499-4c61-909a-d39d9ebf6391}">
        <Counter>1</Counter>
        <FeatureName>Rename to 'm_braceMatcherHighlighter'</FeatureName>
      </Item>
      <Item Id="{096964f2-22b1-4f08-b656-2817e312420a}">
        <Counter>1</Counter>
        <FeatureName>Rename to 'm_contextActionsRenderer'</FeatureName>
      </Item>
      <Item Id="{d93ae2ef-dd89-4b35-bb55-0a8d79fe1874}">
        <Counter>1</Counter>
        <FeatureName>Rename to 'm_classificationHighlightColors'</FeatureName>
      </Item>
      <Item Id="{ce24bf73-17d5-4aba-9a91-4e3ab43b0e26}">
        <Counter>2</Counter>
        <FeatureName>Rename to 'm_roslynHost'</FeatureName>
      </Item>
      <Item Id="{b9437485-fe7b-4ae3-bad4-90d455f812e5}">
        <Counter>2</Counter>
        <FeatureName>Rename to 'm_documentId'</FeatureName>
      </Item>
      <Item Id="{48ac552d-9e59-4139-ac5f-ef4e42bc59a2}">
        <Counter>1</Counter>
        <FeatureName>Rename to 'm_documentFile'</FeatureName>
      </Item>
      <Item Id="{975b5fa7-f5ce-4838-ab56-2cba0626ffe1}">
        <Counter>1</Counter>
        <FeatureName>Rename to 'm_quickInfoProvider'</FeatureName>
      </Item>
      <Item Id="{41f9b778-6342-4651-95e1-920d0911d49f}">
        <Counter>1</Counter>
        <FeatureName>Rename to 'm_braceMatchingService'</FeatureName>
      </Item>
      <Item Id="{c732dcdb-d1fc-4497-a05b-66c54693e6e3}">
        <Counter>1</Counter>
        <FeatureName>Rename to 'm_braceCompletionProvider'</FeatureName>
      </Item>
      <Item Id="{04fe125b-b3cf-481c-a15e-2e9ffe699635}">
        <Counter>1</Counter>
        <FeatureName>Rename to 'm_braceMatchingCts'</FeatureName>
      </Item>
      <Item Id="{d788755a-e6ad-40d8-87c8-123e11dc894d}">
        <Counter>1</Counter>
        <FeatureName>Rename to 'm_avalonEditTextContainer'</FeatureName>
      </Item>
      <Item Id="{b096ea9b-b970-40bf-966c-c75eb5535efc}">
        <Counter>1</Counter>
        <FeatureName>Rename to 'm_initialized'</FeatureName>
      </Item>
      <Item Id="{8a1ffa76-9654-4661-b212-edd301e7aade}">
        <Counter>3</Counter>
        <FeatureName>Add Parameter</FeatureName>
      </Item>
      <Item Id="{b0c3f654-56b9-4e52-bf37-22382ed2d3b4}">
        <Counter>2</Counter>
        <FeatureName>Introduce Using Statement</FeatureName>
      </Item>
      <Item Id="{0524dc2d-433b-4fb9-8495-3cc03041c05e}">
        <Counter>1</Counter>
        <FeatureName>Rename to 'm_codeFixService'</FeatureName>
      </Item>
      <Item Id="{fbb74dfd-eac8-4c99-8306-33052d14bad9}">
        <Counter>1</Counter>
        <FeatureName>Rename to 'm_provider'</FeatureName>
      </Item>
      <Item Id="{b0d08af8-c282-44cd-8d03-356c2895bdb4}">
        <Counter>1</Counter>
        <FeatureName>Rename to 'm_codeAction'</FeatureName>
      </Item>
      <Item Id="{a9b23e58-eea3-432f-81fc-5421727f1a8b}">
        <Counter>3</Counter>
        <FeatureName>Implement IEquatable</FeatureName>
      </Item>
      <Item Id="{c3ae2ff0-72ed-4d67-ad74-ffbebebfa8fe}">
        <Counter>1</Counter>
        <FeatureName>Declare Property (with default body)</FeatureName>
      </Item>
      <Item Id="{862ab453-674f-4bbc-97ae-e55b9c882731}">
        <Counter>1</Counter>
        <FeatureName>Make Implicit</FeatureName>
      </Item>
      <Item Id="{f970594f-f227-4136-bec9-bc095fcb3217}">
        <Counter>1</Counter>
        <FeatureName>Expand Method</FeatureName>
      </Item>
      <Item Id="{3b3f5e86-d960-4664-a90e-11a899057995}">
        <Counter>1</Counter>
        <FeatureName>Remove Type Qualifier</FeatureName>
      </Item>
      <Item Id="{4101f482-a1fb-412b-8dec-a7b4fb318948}">
        <Counter>4</Counter>
        <FeatureName>Promote to Parameter</FeatureName>
      </Item>
      <Item Id="{367c097e-7e71-463b-ba76-2841a07a231a}">
        <Counter>5</Counter>
        <FeatureName>Introduce Change Notification</FeatureName>
      </Item>
      <Item Id="{6ad71035-bf6d-45ea-bc55-632528fa9d48}">
        <Counter>3</Counter>
        <FeatureName>Declare Parameter</FeatureName>
      </Item>
      <Item Id="{7b8d6498-4c5d-44a6-b00e-5b9b07a81322}">
        <Counter>1</Counter>
        <FeatureName>Encapsulate Property with Change Notification</FeatureName>
      </Item>
      <Item Id="{2a15991a-1c78-4e46-8622-6bb907184a62}">
        <Counter>1</Counter>
        <FeatureName>Expand Getter</FeatureName>
      </Item>
      <Item Id="{a3abe96d-030f-409c-894f-d1d818bc2f2d}">
        <Counter>1</Counter>
        <FeatureName>Convert to Property with Change Notification</FeatureName>
      </Item>
      <Item Id="{c025e10d-5650-4591-9ea6-3fd7c0751ea6}">
        <Counter>2</Counter>
        <FeatureName>Introduce Setter Guard Clause</FeatureName>
      </Item>
      <Item Id="{75ea85e7-b20c-460e-b6e5-b56b8bdb634a}">
        <Counter>1</Counter>
        <FeatureName>Use StringBuilder</FeatureName>
      </Item>
      <Item Id="{2cdcaacd-9e94-4891-8b67-ed061db3e392}">
        <Counter>3</Counter>
        <FeatureName>Remove Block Delimiters</FeatureName>
      </Item>
      <Item Id="{ace8b668-1542-4aa0-b868-03721d744bb7}">
        <Counter>1</Counter>
        <FeatureName>Widen Scope (promote to field)</FeatureName>
      </Item>
    </FeatureDescriptors>
  </Options>
</Root>