<?xml version="1.0" encoding="utf-8"?>
<Root>
  <Options Language="Neutral">
    <Items>
      <Item Id="{88dc8978-2764-478e-82f4-8d0d0908cc5e}">
        <FilterName>M - Methods</FilterName>
      </Item>
      <Item Id="{6a894e35-8443-4a28-9efb-f725b24099c8}">
        <FilterName>P - Properties</FilterName>
      </Item>
      <Item Id="{582bb4ac-f88b-4442-8a1c-6a89539743d2}">
        <FilterName>V - Events</FilterName>
      </Item>
      <Item Id="{675754cb-3049-4bf9-b1fd-d2bc7a5b90e0}">
        <FilterName>F - Fields</FilterName>
      </Item>
      <Item Id="{09bc9a3b-507b-40ba-9cb8-5082acd0a793}">
        <FilterName>C - Class</FilterName>
      </Item>
      <Item Id="{2d67e42f-d6e7-4986-89b7-569760b1cb52}">
        <FilterName>S - Struct</FilterName>
      </Item>
      <Item Id="{9294aca5-ccfb-496a-9010-b0df58d460c0}">
        <FilterName>I - Interface</FilterName>
      </Item>
      <Item Id="{b635f006-7e60-4932-bb14-fbfddf01e1a7}">
        <FilterName>E - Enum</FilterName>
      </Item>
      <Item Id="{4165f0f2-ae0f-41cd-9994-2c1ddaccb95a}">
        <FilterName>D - Delegate</FilterName>
      </Item>
      <Item Id="{668681f1-9fba-4eea-afb8-79a4ce61201c}">
        <FilterName>W-Private</FilterName>
      </Item>
      <Item Id="{990f3939-cc8a-4143-a1cb-4b21576f2ef7}">
        <FilterName>O-Protected</FilterName>
      </Item>
      <Item Id="{585d1d55-7812-4fba-9733-748be758bc24}">
        <FilterName>N-Internal/Friend</FilterName>
      </Item>
      <Item Id="{659603e2-9827-4039-8827-a6d6cee37920}">
        <FilterName>T-Protected Internal/Friend</FilterName>
      </Item>
      <Item Id="{e7a3ebac-e5bd-4d0e-8042-8c7886217855}">
        <FilterName>B-Public</FilterName>
      </Item>
      <Item Id="{99481470-a138-44e7-9464-bae15835ab7b}">
        <FilterName>2 - Project</FilterName>
        <IsActive>False</IsActive>
      </Item>
      <Item Id="{4e714a11-bf36-4d0e-a0c9-08b2819cc89a}">
        <FilterName>3 - Namespace</FilterName>
        <IsActive>False</IsActive>
      </Item>
      <Item Id="{2ba4ea64-2de8-439e-a51b-4f51817449d5}">
        <FilterName>4 - File</FilterName>
        <IsActive>False</IsActive>
      </Item>
      <Item Id="{b7911f09-7955-46a4-98f7-2e862d495fa0}">
        <FilterName>W - Private</FilterName>
      </Item>
      <Item Id="{eee44446-8efc-41db-937f-158744ceab55}">
        <FilterName>O - Protected</FilterName>
      </Item>
      <Item Id="{f631d8c9-9afc-4a07-8e51-a2181ffc0321}">
        <FilterName>N - Internal/Friend</FilterName>
      </Item>
      <Item Id="{8938ecd9-4437-4296-a375-fa92814cd603}">
        <FilterName>T - Protected Internal/Friend</FilterName>
      </Item>
      <Item Id="{65795013-c2ec-427d-87a6-4f4c66e75b55}">
        <FilterName>B - Public</FilterName>
      </Item>
      <Item Id="{592ee817-ca63-48bd-961f-195ae0bb63c4}">
        <FilterName>1 - Solution</FilterName>
        <IsActive>False</IsActive>
      </Item>
    </Items>
  </Options>
</Root>