<?xml version="1.0" encoding="utf-8"?>
<Root>
  <Options Language="Neutral">
    <FeatureDescriptors>
      <Item Id="{059b10f1-452f-4cdf-b7f1-85f7e41040d2}">
        <Counter>1</Counter>
        <FeatureName>Add to ISystemAccessServiceManagementService interface</FeatureName>
      </Item>
      <Item Id="{dc68d5b2-677d-4277-91b8-576eb998966e}">
        <Counter>36</Counter>
        <FeatureName>Make Explicit</FeatureName>
      </Item>
      <Item Id="{3699fcf1-82c1-4f6c-8cb6-8ba75f89d810}">
        <Counter>60</Counter>
        <FeatureName>Throw Exceptions Contract</FeatureName>
      </Item>
      <Item Id="{26f7ee81-dda5-49c8-b94c-30cbffa89718}">
        <Counter>135</Counter>
        <FeatureName>Move Type to File</FeatureName>
      </Item>
      <Item Id="{1253d8d1-55b1-4db4-8f77-d7744c3a0b5f}">
        <Counter>9</Counter>
        <FeatureName>Collapse Property</FeatureName>
      </Item>
      <Item Id="{5ccc3d00-3e62-4bb0-9eca-11caaa3ed6fe}">
        <Counter>1</Counter>
        <FeatureName>Remove Unused Parameter: host</FeatureName>
      </Item>
      <Item Id="{48f89117-ca9d-4b80-aa15-369312f971a5}">
        <Counter>3</Counter>
        <FeatureName>Reverse Boolean</FeatureName>
      </Item>
      <Item Id="{a531edce-841d-4438-b91e-a8df8ac26baa}">
        <Counter>65</Counter>
        <FeatureName>Use Expression Body</FeatureName>
      </Item>
      <Item Id="{70631773-ae06-441a-9956-fd488cb52521}">
        <Counter>13</Counter>
        <FeatureName>Inline Temp</FeatureName>
      </Item>
      <Item Id="{656aea7f-1f81-4b48-bc5f-f358ee08904b}">
        <Counter>41</Counter>
        <FeatureName>Declare Method</FeatureName>
      </Item>
      <Item Id="{1b3c75f1-a0de-4ede-9dae-9cf7d0757664}">
        <Counter>91</Counter>
        <FeatureName>Rename File to Match Type</FeatureName>
      </Item>
      <Item Id="{b378e4b6-01db-49c7-b75d-0cf6ee95adc1}">
        <Counter>7</Counter>
        <FeatureName>Declare Property</FeatureName>
      </Item>
      <Item Id="{53b83de9-cd97-4a93-b839-76613b9ccf80}">
        <Counter>33</Counter>
        <FeatureName>Declare Local</FeatureName>
      </Item>
      <Item Id="{1d6d8c9b-21ef-44eb-8a02-08fcf93a2b87}">
        <Counter>1</Counter>
        <FeatureName>Rename Type to Match File</FeatureName>
      </Item>
      <Item Id="{e493cc51-5db3-493e-a819-6f3147ba1bec}">
        <Counter>8</Counter>
        <FeatureName>Rename</FeatureName>
      </Item>
      <Item Id="{922d9d05-f18d-4f1a-aa69-7bdc3a3d55c9}">
        <Counter>82</Counter>
        <FeatureName>Declare Field with Initializer</FeatureName>
      </Item>
      <Item Id="{873c806d-c8ec-4306-b862-84fe64bc3a8b}">
        <Counter>5</Counter>
        <FeatureName>Declare Property with Initializer</FeatureName>
      </Item>
      <Item Id="{0b280b15-275d-49a8-aa4c-8a9ebd190253}">
        <Counter>1</Counter>
        <FeatureName>Add to ILogEntry interface</FeatureName>
      </Item>
      <Item Id="{540b3e46-f8a5-4ecf-91f6-47f1d2e1e815}">
        <Counter>1</Counter>
        <FeatureName>Convert to Property with Backing Store</FeatureName>
      </Item>
      <Item Id="{88d67d54-631b-4b21-b0f0-fdc4f4bfef0e}">
        <Counter>1</Counter>
        <FeatureName>Add to IUserAuthorization interface</FeatureName>
      </Item>
      <Item Id="{04081a38-36c3-41a7-b7e8-036431b4d569}">
        <Counter>1</Counter>
        <FeatureName>Add to ISystemContext interface</FeatureName>
      </Item>
      <Item Id="{3d81fb70-1268-483d-b47b-1767694d62a9}">
        <Counter>61</Counter>
        <FeatureName>Code Cleanup</FeatureName>
      </Item>
      <Item Id="{199fc9b3-ae71-4c2c-b2cb-72bc2ac4af44}">
        <Counter>2</Counter>
        <FeatureName>Declare Property (auto-implemented)</FeatureName>
      </Item>
      <Item Id="{a0c7fb6f-0e88-4c6f-8e7a-b961ede69877}">
        <Counter>1</Counter>
        <FeatureName>Add to IEmployeeService interface</FeatureName>
      </Item>
      <Item Id="{98ff0a10-e925-4734-a5d3-cb7599d2ceef}">
        <Counter>1</Counter>
        <FeatureName>Add to IEventCreatorFactory interface</FeatureName>
      </Item>
      <Item Id="{f35f0752-d7a3-4d22-a0b4-fbee7ca3c34b}">
        <Counter>25</Counter>
        <FeatureName>Convert to string interpolation</FeatureName>
      </Item>
      <Item Id="{1302d762-88d2-401a-940c-251c4e3a8f40}">
        <Counter>23</Counter>
        <FeatureName>Organize Members</FeatureName>
      </Item>
      <Item Id="{daf34667-8240-4a30-8885-fb87cfefbd28}">
        <Counter>50</Counter>
        <FeatureName>Remove Type Qualifier (remove all)</FeatureName>
      </Item>
      <Item Id="{4d393151-82d4-44da-a79d-db46af05b1bb}">
        <Counter>1</Counter>
        <FeatureName>Convert to Auto-implemented Property (convert all)</FeatureName>
      </Item>
      <Item Id="{0119ced8-5364-4bdd-bb4e-67250ee4cc6a}">
        <Counter>4</Counter>
        <FeatureName>Create Event Trigger</FeatureName>
      </Item>
      <Item Id="{2b14b55a-c842-48e6-bc38-60b53095d9f3}">
        <Counter>5</Counter>
        <FeatureName>Use nameof</FeatureName>
      </Item>
      <Item Id="{ce3cfb2b-6507-4d7d-9be3-56395f4ca63f}">
        <Counter>3</Counter>
        <FeatureName>Simplify Expression</FeatureName>
      </Item>
      <Item Id="{5a3c886a-79c1-4dbc-a4f2-cb19024e1fbe}">
        <Counter>8</Counter>
        <FeatureName>Declare Field</FeatureName>
      </Item>
      <Item Id="{a214b430-4e65-4f33-9870-53dd86054290}">
        <Counter>5</Counter>
        <FeatureName>Break Apart Arguments</FeatureName>
      </Item>
      <Item Id="{a58ebafa-65e5-4b66-bad4-80858be4aada}">
        <Counter>4</Counter>
        <FeatureName>Optimize Namespace References</FeatureName>
      </Item>
      <Item Id="{1f0485cd-17e9-4cbb-8567-c175e3941370}">
        <Counter>5</Counter>
        <FeatureName>Break Apart Parameters</FeatureName>
      </Item>
      <Item Id="{d25593c0-d7a3-4162-a676-289bddf282de}">
        <Counter>3</Counter>
        <FeatureName>Add to IEventCreator interface</FeatureName>
      </Item>
      <Item Id="{b64a81e9-ab95-401a-b216-e43648b2e397}">
        <Counter>9</Counter>
        <FeatureName>Extract Interface</FeatureName>
      </Item>
      <Item Id="{d01ffe0b-1d0e-40b2-ab2b-4d9367fbc511}">
        <Counter>10</Counter>
        <FeatureName>Reorder Parameters</FeatureName>
      </Item>
      <Item Id="{b548aa7c-4363-48ff-8ac5-ed1d61a72d3c}">
        <Counter>2</Counter>
        <FeatureName>Remove Unused Parameter: dateTimeService</FeatureName>
      </Item>
      <Item Id="{178f591e-8582-4c6e-a831-9088822a880e}">
        <Counter>9</Counter>
        <FeatureName>Convert to Property with Backing Field</FeatureName>
      </Item>
      <Item Id="{f3e89a62-344b-4fd1-a457-f6d5469157ad}">
        <Counter>1</Counter>
        <FeatureName>Add to IManagedICoreApi interface</FeatureName>
      </Item>
      <Item Id="{1b364990-1cbd-4681-a146-5919e81c7a28}">
        <Counter>3</Counter>
        <FeatureName>Convert to Auto-implemented Property</FeatureName>
      </Item>
      <Item Id="{d884e783-e6f6-4097-9463-4e02acb22528}">
        <Counter>2</Counter>
        <FeatureName>Add to ICodeProjectRoslynMetadataResolver interface</FeatureName>
      </Item>
      <Item Id="{9944c2f4-49f0-477b-a1eb-e09a4b708b94}">
        <Counter>1</Counter>
        <FeatureName>Add to IAssembly interface</FeatureName>
      </Item>
      <Item Id="{389dfae4-0646-4463-bfb2-8bbc855ff248}">
        <Counter>1</Counter>
        <FeatureName>Add Setter</FeatureName>
      </Item>
      <Item Id="{7041fe35-4282-4d35-ba25-b7a4e7cc3872}">
        <Counter>1</Counter>
        <FeatureName>Widen Scope</FeatureName>
      </Item>
      <Item Id="{210ef709-34bf-457f-8356-f9f72e9d9600}">
        <Counter>1</Counter>
        <FeatureName>Add to ITrackingCleanupSession interface</FeatureName>
      </Item>
      <Item Id="{1c20ad73-b8ef-4156-8982-e0cc1d87ed7f}">
        <Counter>1</Counter>
        <FeatureName>Remove Unused Parameter: reportWriter</FeatureName>
      </Item>
      <Item Id="{0b098d6f-c79b-475d-8eaf-ed4885790330}">
        <Counter>1</Counter>
        <FeatureName>Remove Unused Parameter: cancellationToken</FeatureName>
      </Item>
      <Item Id="{8c24100a-6714-4b93-b555-9d7d660ba2da}">
        <Counter>2</Counter>
        <FeatureName>Encapsulate Property</FeatureName>
      </Item>
      <Item Id="{dedc0b9c-9e63-4bb9-99ad-698ebfcc22c4}">
        <Counter>1</Counter>
        <FeatureName>Remove Unused Parameter: configurationElement</FeatureName>
      </Item>
      <Item Id="{e3f8234b-753c-413f-afc7-a55e650fa605}">
        <Counter>1</Counter>
        <FeatureName>Split Initialization from Declaration</FeatureName>
      </Item>
      <Item Id="{e41fdd33-0ff3-4c17-9b0a-615d99901ef5}">
        <Counter>1</Counter>
        <FeatureName>Add to IAssemblyCacheManager interface</FeatureName>
      </Item>
      <Item Id="{61e30dc5-7a95-453a-bde2-66c2fba4e8aa}">
        <Counter>3</Counter>
        <FeatureName>Declare...</FeatureName>
      </Item>
      <Item Id="{9a87339d-6b19-45fe-b8f7-71c400e8a018}">
        <Counter>1</Counter>
        <FeatureName>Remove Unused Parameter: assemblyGeneration</FeatureName>
      </Item>
      <Item Id="{12e0551e-ef0f-46a6-92a1-0c8900e45486}">
        <Counter>1</Counter>
        <FeatureName>Contract.Assert Contract</FeatureName>
      </Item>
      <Item Id="{6adc7968-f56d-4c71-b094-d15de167b4b2}">
        <Counter>4</Counter>
        <FeatureName>Split String</FeatureName>
      </Item>
      <Item Id="{fbf300ea-d1d7-44cd-8ffe-629c29e63552}">
        <Counter>3</Counter>
        <FeatureName>Remove Unused Member</FeatureName>
      </Item>
      <Item Id="{11431b88-1393-47af-a090-06581c096147}">
        <Counter>1</Counter>
        <FeatureName>Use string.Format</FeatureName>
      </Item>
      <Item Id="{62cd51ac-513e-4181-9666-dd78a873f0c5}">
        <Counter>2</Counter>
        <FeatureName>Add to IFileSystemService interface</FeatureName>
      </Item>
    </FeatureDescriptors>
  </Options>
</Root>