<?xml version="1.0" encoding="utf-8"?>
<Root>
  <Options Language="C#">
    <Options>
      <Item Id="{cd721fc1-23fb-4d88-a9f0-42d6b318a32b}" Type="DevExpress.CodeRush.Formatting.UI.Options.Conversion.TernaryExpressionFormattingOption" />
      <Item Id="{48f3f6c0-b3c2-4567-b071-33af7480c9a3}" Type="DevExpress.CodeRush.Formatting.UI.Options.Conversion.QueryExpressionFormattingOption" />
      <Item Id="{a2c75ad7-ba6a-49ca-8070-6d9e3c52e3c6}" Type="DevExpress.CodeRush.Formatting.UI.Options.Conversion.BinaryExpressionFormattingOption" />
      <Item Id="{10e904ea-f51d-4c32-9320-1b93fa557564}" Type="DevExpress.CodeRush.Formatting.UI.Options.Conversion.AssignmentExpressionFormattingOption" />
      <Item Id="{4246b900-cbb3-44f4-b59e-b3055fb4f7bc}" Type="DevExpress.CodeRush.Formatting.UI.Options.Conversion.LogicalExpressionFormattingOption" />
      <Item Id="{5A186AB9-03A5-4BFE-83B1-B99B3B8408BC}" Type="DevExpress.CodeRush.Formatting.UI.Options.Conversion.DeclarationParameterListFormattingOption" />
      <Item Id="{25746bdc-0a43-4741-a740-20784691314b}" Type="DevExpress.CodeRush.Formatting.UI.Options.Conversion.InvocationArgumentListFormattingOption" />
      <Item Id="{8739877d-3674-40ae-90c4-38b2b160e92b}" Type="DevExpress.CodeRush.Formatting.UI.Options.Conversion.ArrayInitializerFormattingOption" />
      <Item Id="{a940ae15-f98a-4b7d-8357-2214eb421250}" Type="DevExpress.CodeRush.Formatting.UI.Options.Conversion.CollectionInitializerFormattingOption" />
      <Item Id="{0414181a-3915-4d0c-81d3-3bc7718da90f}" Type="DevExpress.CodeRush.Formatting.UI.Options.Conversion.ObjectInitializerFormattingOption" />
      <Item Id="{ea60e2ab-d67a-45e8-ab42-36d747c494c}" Type="DevExpress.CodeRush.Formatting.UI.Options.Conversion.ChainedMethodCallsFormattingOption" />
      <Item Id="{5f4ed422-88b9-4e95-8401-cef404d645d6}" Type="DevExpress.CodeRush.Formatting.UI.Options.Conversion.LambdaExpressionFormattingOption" />
      <Item Id="{0531de5e-ff20-4043-a67c-eeef76a8f3c3}" Type="DevExpress.CodeRush.Formatting.UI.Options.Conversion.ArrowExpressionFormattingOption" />
      <Item Id="{0e2d0391-24ba-4ed8-aeb4-1b3e9f26be55}" Type="DevExpress.CodeRush.Formatting.UI.Options.Conversion.RelationalExpressionFormattingOption" />
      <Item Id="{fea50ebc-99c9-4599-9b55-bf2961b9cc95}" Type="DevExpress.CodeRush.Formatting.UI.Options.Conversion.BitwiseExpressionFormattingOption" />
      <Item Id="{08fa5953-cc71-4ded-bd41-ef5d5b690585}" Type="DevExpress.CodeRush.Formatting.UI.Options.Conversion.TypeParameterListFormattingOption" />
    </Options>
  </Options>
</Root>