<?xml version="1.0" encoding="utf-8"?>
<Root>
  <Options Language="C#">
    <Providers>
      <Item Id="{449ef554-3d51-4045-a83b-a2dac4107183}">
        <ProviderName>Organize members</ProviderName>
        <Enabled>True</Enabled>
      </Item>
      <Item Id="{90c78b82-d6b4-4e39-9f0c-cd930c4e654d}">
        <ProviderName>Convert to string interpolation</ProviderName>
        <Enabled>True</Enabled>
      </Item>
      <Item Id="{439f0d57-67a6-4fc5-abe3-b1e9a6bd3233}">
        <ProviderName>Remove all regions</ProviderName>
      </Item>
      <Item Id="{257594cd-c37b-43ee-acb0-af4afcc0af82}">
        <ProviderName>Remove unused members</ProviderName>
      </Item>
      <Item Id="{4befc5e8-e5c2-4bf4-947c-50b3fd96be77}">
        <ProviderName>Sort namespace references</ProviderName>
        <Enabled>True</Enabled>
      </Item>
      <Item Id="{9d1ea060-31f4-4c0c-ab4a-29859fb2c5b4}">
        <ProviderName>Use expression bodies</ProviderName>
        <Enabled>True</Enabled>
      </Item>
      <Item Id="{2676301e-f27b-4e85-813c-974e260ba68f}">
        <ProviderName>Use 'nameof'</ProviderName>
        <Enabled>True</Enabled>
      </Item>
      <Item Id="{7ed0d255-bdc8-42c8-9a77-5d25883ff4a8}">
        <ProviderName>Convert to string.Empty</ProviderName>
        <Enabled>True</Enabled>
      </Item>
      <Item Id="{360c5aac-47cd-492a-9365-f0f00b1098dd}">
        <ProviderName>Remove unused namespace references</ProviderName>
        <Enabled>True</Enabled>
      </Item>
      <Item Id="{fecda57c-ff78-4f64-99be-d5d74ec5ff5c}">
        <ProviderName>Remove all comments, excluding XML comments</ProviderName>
      </Item>
      <Item Id="{c46287e6-cd87-427d-8cd6-a285a4de4b1b}">
        <ProviderName>Remove unused variables</ProviderName>
        <Enabled>True</Enabled>
      </Item>
      <Item Id="{33cda95c-f268-471b-9ca2-547ea7442ea1}">
        <ProviderName>Collapse property accessors</ProviderName>
        <Enabled>True</Enabled>
      </Item>
      <Item Id="{cb5c5290-4ab4-4e82-b672-fc270b60c6a1}">
        <ProviderName>Expand property accessors</ProviderName>
      </Item>
      <Item Id="{2380dd28-50b4-46a6-a9f5-558c9ddfbbcc}">
        <ProviderName>Make properties auto-implemented</ProviderName>
      </Item>
      <Item Id="{9e19e6d3-2af3-472a-9b28-da272a54e402}">
        <ProviderName>Remove redundant 'base' qualifier</ProviderName>
        <Enabled>True</Enabled>
      </Item>
      <Item Id="{bd4fd413-4cfd-48de-94e3-00040bf179de}">
        <ProviderName>Remove redundant type cast</ProviderName>
        <Enabled>True</Enabled>
      </Item>
      <Item Id="{2b0c694c-0264-452d-8ebb-c0336110895b}">
        <ProviderName>Apply variable declaration style</ProviderName>
      </Item>
      <Item Id="{d2a5cd64-1ce0-41ba-b4bc-678b87c885fa}">
        <ProviderName>Apply built-in type style</ProviderName>
      </Item>
      <Item Id="{30aa9e05-fc17-4c5e-a36f-0e09669ae8e2}">
        <ProviderName>Apply 'this' qualifier style</ProviderName>
        <Enabled>True</Enabled>
      </Item>
      <Item Id="{a3d488db-309b-451e-a1b0-221e36b6f356}">
        <ProviderName>Apply visibility style</ProviderName>
        <Enabled>True</Enabled>
      </Item>
      <Item Id="{073a7138-cb58-4197-9b4d-041259f746f9}">
        <ProviderName>Remove redundant type qualifiers</ProviderName>
        <Enabled>True</Enabled>
      </Item>
      <Item Id="{89185efb-3909-4a0b-ae06-e21d7bd6b19e}">
        <ProviderName>Sort modifiers</ProviderName>
      </Item>
      <Item Id="{a91549ee-0aff-451e-b230-b99354cd1be9}">
        <ProviderName>Apply 'Attribute lists' style</ProviderName>
      </Item>
      <Item Id="{e9b86ffc-a2af-4a01-ad07-90c6b07df4c2}">
        <ProviderName>Apply 'Attribute lists' style to assembly-level attributes</ProviderName>
      </Item>
      <Item Id="{81754f09-b8f7-4cc3-aaa9-544a89395246}">
        <ProviderName>Format document</ProviderName>
        <Enabled>True</Enabled>
      </Item>
      <Item Id="{8f3524c9-78cc-406c-8b04-b7b6c42adda4}">
        <ProviderName>Remove redundant braces in blocks without parent statement</ProviderName>
        <Enabled>True</Enabled>
      </Item>
      <Item Id="{1835319b-3e43-4670-93ee-582b43ed552b}">
        <ProviderName>Apply 'Braces in statements' style</ProviderName>
      </Item>
      <Item Id="{e65191b9-6e8f-4d3f-88c8-9434ed4ca272}">
        <ProviderName>Apply 'Optional parenthesis' style to new object creation</ProviderName>
      </Item>
      <Item Id="{e32bcae8-1488-46e5-90b8-d2778725bf09}">
        <ProviderName>Apply 'Optional parenthesis' style to attributes</ProviderName>
      </Item>
      <Item Id="{bd155fc9-e93c-4016-8e43-46450b0db84a}">
        <ProviderName>Apply the 'Optional parenthesis' style to explicitly specify the order of operations</ProviderName>
      </Item>
      <DeletedItem Id="{53ccb10f-f7af-40a6-9472-d05054672052}" />
      <DeletedItem Id="{bb96a982-bed0-4d8f-93a7-1e1ce7493e96}" />
      <DeletedItem Id="{12f6d456-d2ec-407e-aa44-2b74d7c56e9c}" />
      <DeletedItem Id="{ffa114f4-9122-46e4-96c8-655d54c904e6}" />
      <DeletedItem Id="{ab07124b-0893-4a2d-b6f5-39bfa9f10148}" />
      <DeletedItem Id="{5d712912-91ed-4728-ba16-ac1821b702ca}" />
      <DeletedItem Id="{5d4efc95-1a0e-4aaf-884c-153a0f129334}" />
      <DeletedItem Id="{4216ef39-52bd-4e7f-92a7-673406f92bc8}" />
      <DeletedItem Id="{f410df1e-6e44-4854-a3f0-14bb756113f9}" />
      <DeletedItem Id="{d2f76d4e-97a9-4031-a7a2-23f192201426}" />
      <DeletedItem Id="{3824f6f0-fee1-4847-94ff-1efa133ba199}" />
      <DeletedItem Id="{d24bd9c7-7686-4101-9ec1-f61c19af8d2e}" />
      <DeletedItem Id="{728751b0-c3fe-4ca3-b007-18407dfe148a}" />
      <DeletedItem Id="{f804e36e-414f-409c-9b90-63b7727745a7}" />
      <DeletedItem Id="{667107eb-f14d-47ef-a955-52a81c4af64e}" />
      <DeletedItem Id="{833aa625-e537-4fad-9a7b-9a8788c9af17}" />
      <DeletedItem Id="{e1cf9e0d-0903-45c5-8eb3-43ae55aeb180}" />
      <DeletedItem Id="{6ed237ae-d67b-45c2-8955-5b06d8743435}" />
      <DeletedItem Id="{bcaf9df2-60b2-4644-9d35-c77bc2dac07b}" />
      <DeletedItem Id="{163af547-186c-4fa1-9a3e-b9b0a1ceec32}" />
      <DeletedItem Id="{8e24f031-d25c-4ddb-86a5-c28f8fc354eb}" />
      <DeletedItem Id="{21a1f310-db77-46c9-83d4-a1cf5fbe6d2c}" />
      <DeletedItem Id="{e950f01e-2b15-4da5-8176-cafe3cc883d9}" />
    </Providers>
  </Options>
</Root>