<?xml version="1.0" encoding="utf-8"?>
<Root>
  <Options Language="Neutral">
    <Schemes>
      <Item Id="{537ce5d1-771a-4e99-9f4a-c409ebd5e213}">
        <IsActive>False</IsActive>
        <Rules>
          <Item Id="{f5649b7d-32eb-4a64-88b4-5de14ed335e4}" Type="DevExpress.CodeAnalysis.CodeCleanUp.OrganizeMembers.OrganizeMembersGroupAndSortRule" />
          <Item Id="{b72b1c09-252f-4d4f-881c-1a4832911d5f}" Type="DevExpress.CodeAnalysis.CodeCleanUp.OrganizeMembers.OrganizeMembersGroupAndSortRule" />
          <Item Id="{907fc4a7-efee-4337-af73-d71b996b3923}" Type="DevExpress.CodeAnalysis.CodeCleanUp.OrganizeMembers.OrganizeMembersGroupAndSortRule" />
          <Item Id="{bcbd84af-ad2b-4353-a834-ece7b6e41d92}" Type="DevExpress.CodeAnalysis.CodeCleanUp.OrganizeMembers.OrganizeMembersGroupAndSortRule" />
          <Item Id="{eae9a2ed-5135-45c6-9cd1-e75ee9e9ac68}" Type="DevExpress.CodeAnalysis.CodeCleanUp.OrganizeMembers.OrganizeMembersGroupAndSortRule" />
          <Item Id="{7e2e2ef2-8ef3-4f28-825d-ce10da1931e6}" Type="DevExpress.CodeAnalysis.CodeCleanUp.OrganizeMembers.OrganizeMembersGroupAndSortRule" />
          <Item Id="{89215376-ecad-435a-a6bf-137f09a41f0d}" Type="DevExpress.CodeAnalysis.CodeCleanUp.OrganizeMembers.OrganizeMembersGroupAndSortRule" />
          <Item Id="{0fcd1a59-0fc8-4bde-9db7-2d73508b918d}" Type="DevExpress.CodeAnalysis.CodeCleanUp.OrganizeMembers.OrganizeMembersGroupAndSortRule" />
          <Item Id="{d6d0a5a4-c770-47f3-8cda-c699e76101d1}" Type="DevExpress.CodeAnalysis.CodeCleanUp.OrganizeMembers.OrganizeMembersGroupAndSortRule" />
          <Item Id="{1c54e8e0-33dd-4a95-8899-42ba94669156}" Type="DevExpress.CodeAnalysis.CodeCleanUp.OrganizeMembers.OrganizeMembersGroupAndSortRule" />
          <Item Id="{9d6898f1-002e-4c71-a281-1ec6e78a3003}" Type="DevExpress.CodeAnalysis.CodeCleanUp.OrganizeMembers.OrganizeMembersGroupAndSortRule" />
          <Item Id="{6653a3b6-576e-4f5e-9c6a-a440ee257399}" Type="DevExpress.CodeAnalysis.CodeCleanUp.OrganizeMembers.OrganizeMembersGroupAndSortRule" />
          <Item Id="{335094b6-641c-4832-bfdc-84087f8c7b24}" Type="DevExpress.CodeAnalysis.CodeCleanUp.OrganizeMembers.OrganizeMembersGroupAndSortRule" />
          <Item Id="{4651e354-b408-4df4-bb8c-0490daddccaa}" Type="DevExpress.CodeAnalysis.CodeCleanUp.OrganizeMembers.OrganizeMembersGroupAndSortRule" />
          <Item Id="{48b47296-0fd0-4056-bdc1-b09ae6266d06}" Type="DevExpress.CodeAnalysis.CodeCleanUp.OrganizeMembers.OrganizeMembersGroupAndSortRule" />
          <Item Id="{45e128f7-55bf-4186-b09c-760d2a6477cb}" Type="DevExpress.CodeAnalysis.CodeCleanUp.OrganizeMembers.OrganizeMembersGroupAndSortRule" />
          <Item Id="{c9b4252f-60a9-48d3-869e-2c3c23c20aae}" Type="DevExpress.CodeAnalysis.CodeCleanUp.OrganizeMembers.OrganizeMembersGroupAndSortRule" />
          <Item Id="{c87a250e-ef05-4000-9e2c-e5c078ce51ae}" Type="DevExpress.CodeAnalysis.CodeCleanUp.OrganizeMembers.OrganizeMembersGroupAndSortRule" />
          <Item Id="{1eb07ab2-16f0-4bf2-a2a6-33b899b861b8}" Type="DevExpress.CodeAnalysis.CodeCleanUp.OrganizeMembers.OrganizeMembersGroupAndSortRule" />
          <Item Id="{ebd30c1d-59b5-4a03-9f33-8813a996b952}" Type="DevExpress.CodeAnalysis.CodeCleanUp.OrganizeMembers.OrganizeMembersGroupAndSortRule" />
          <Item Id="{02fdb982-e0dd-4b47-84c3-f44926013188}" Type="DevExpress.CodeAnalysis.CodeCleanUp.OrganizeMembers.OrganizeMembersGroupAndSortRule" />
        </Rules>
      </Item>
      <Item Id="{fb41924a-35f9-47ee-8f8c-74cc34c4bf63}">
        <Rules>
          <Item Id="{761299d1-70d4-44bf-b06b-ccd7c409e448}" Type="DevExpress.CodeAnalysis.CodeCleanUp.OrganizeMembers.OrganizeMembersGroupAndSortRule" />
          <Item Id="{755781a8-6c91-4a24-9d82-bfa05caafa0b}" Type="DevExpress.CodeAnalysis.CodeCleanUp.OrganizeMembers.OrganizeMembersRegionsRule">
            <RegionText>Events</RegionText>
            <NestedRules>
              <Item Id="{8ba438b7-964f-4d2d-b89d-30111dc9ab73}" Type="DevExpress.CodeAnalysis.CodeCleanUp.OrganizeMembers.OrganizeMembersGroupAndSortRule">
                <GroupRule Type="DevExpress.CodeAnalysis.CodeCleanUp.OrganizeMembers.GroupByKindRule">
                  <Kind>Event</Kind>
                </GroupRule>
                <SortingRule Type="DevExpress.CodeAnalysis.CodeCleanUp.OrganizeMembers.MultipleSortingsRule">
                  <Sortings>
                    <Item Id="{47a6be5b-6587-45f0-972f-bbdc1c582c18}">
                      <Sorting>Visibility</Sorting>
                      <Order>Descending</Order>
                    </Item>
                    <Item Id="{07f13386-c6ea-4fee-8632-08c112357c00}">
                      <Sorting>Static</Sorting>
                    </Item>
                    <Item Id="{fd7b023d-b521-4c49-8fa7-d565489e970e}">
                      <Sorting>Name</Sorting>
                    </Item>
                  </Sortings>
                </SortingRule>
                <RuleName>Events</RuleName>
              </Item>
            </NestedRules>
            <RuleName></RuleName>
          </Item>
          <Item Id="{161872c6-4f0d-4512-882a-5fddf3e0ebc0}" Type="DevExpress.CodeAnalysis.CodeCleanUp.OrganizeMembers.OrganizeMembersRegionsRule">
            <RegionText>Construction</RegionText>
            <NestedRules>
              <Item Id="{90f760da-0f46-4f8e-b8d7-762de57ad009}" Type="DevExpress.CodeAnalysis.CodeCleanUp.OrganizeMembers.OrganizeMembersGroupAndSortRule">
                <GroupRule Type="DevExpress.CodeAnalysis.CodeCleanUp.OrganizeMembers.OrRule">
                  <FirstRule Type="DevExpress.CodeAnalysis.CodeCleanUp.OrganizeMembers.GroupByKindRule">
                    <Kind>Destructor</Kind>
                  </FirstRule>
                  <SecondRule Type="DevExpress.CodeAnalysis.CodeCleanUp.OrganizeMembers.GroupByKindRule">
                    <Kind>Constructor</Kind>
                  </SecondRule>
                </GroupRule>
                <SortingRule Type="DevExpress.CodeAnalysis.CodeCleanUp.OrganizeMembers.MultipleSortingsRule">
                  <Sortings>
                    <Item Id="{04b5aa5c-1627-4a25-8a79-ecbe75d71dad}">
                      <Sorting>Visibility</Sorting>
                      <Order>Descending</Order>
                    </Item>
                    <Item Id="{e359bf90-5799-42b6-bf69-c481dc26dbda}">
                      <Sorting>Static</Sorting>
                    </Item>
                    <Item Id="{6bd05555-0f99-402b-b693-5a7e87d5e8d6}">
                      <Sorting>Name</Sorting>
                    </Item>
                    <Item Id="{62ceb933-2f6d-48c9-924b-7627986fdc85}">
                      <Sorting>ParameterCount</Sorting>
                    </Item>
                  </Sortings>
                </SortingRule>
                <RuleName> Constructors and destructors</RuleName>
              </Item>
            </NestedRules>
            <RuleName></RuleName>
          </Item>
          <Item Id="{6b90ad23-2f3d-436b-9728-9bbfb367caaa}" Type="DevExpress.CodeAnalysis.CodeCleanUp.OrganizeMembers.OrganizeMembersRegionsRule">
            <RegionText>Properties</RegionText>
            <NestedRules>
              <Item Id="{2cf112b3-aef6-4195-b4cd-ba0f782a5c99}" Type="DevExpress.CodeAnalysis.CodeCleanUp.OrganizeMembers.OrganizeMembersGroupAndSortRule">
                <GroupRule Type="DevExpress.CodeAnalysis.CodeCleanUp.OrganizeMembers.OrRule">
                  <FirstRule Type="DevExpress.CodeAnalysis.CodeCleanUp.OrganizeMembers.GroupByKindRule">
                    <Kind>Indexer</Kind>
                  </FirstRule>
                  <SecondRule Type="DevExpress.CodeAnalysis.CodeCleanUp.OrganizeMembers.OrRule">
                    <FirstRule Type="DevExpress.CodeAnalysis.CodeCleanUp.OrganizeMembers.GroupByKindRule">
                      <Kind>Property</Kind>
                    </FirstRule>
                    <SecondRule Type="DevExpress.CodeAnalysis.CodeCleanUp.OrganizeMembers.GroupByKindRule">
                      <Kind>AutoImplementedProperty</Kind>
                    </SecondRule>
                  </SecondRule>
                </GroupRule>
                <SortingRule Type="DevExpress.CodeAnalysis.CodeCleanUp.OrganizeMembers.MultipleSortingsRule">
                  <Sortings>
                    <Item Id="{db5a724b-5446-4100-91c0-4cee6623f2c4}">
                      <Sorting>Visibility</Sorting>
                      <Order>Descending</Order>
                    </Item>
                    <Item Id="{1da43edf-584b-4b9a-8506-bff64f290b55}">
                      <Sorting>Static</Sorting>
                    </Item>
                    <Item Id="{84d234cc-01c9-4dbe-98e9-155549473cf0}">
                      <Sorting>Name</Sorting>
                    </Item>
                  </Sortings>
                </SortingRule>
                <RuleName>Properties</RuleName>
              </Item>
            </NestedRules>
            <RuleName></RuleName>
          </Item>
          <Item Id="{0c69e1b6-f917-4284-b303-a07fc90dc9dc}" Type="DevExpress.CodeAnalysis.CodeCleanUp.OrganizeMembers.OrganizeMembersRegionsRule">
            <RegionText>Public Methods</RegionText>
            <NestedRules>
              <Item Id="{09cc2444-9ac3-4981-a1ce-a65162fefec9}" Type="DevExpress.CodeAnalysis.CodeCleanUp.OrganizeMembers.OrganizeMembersGroupAndSortRule">
                <GroupRule Type="DevExpress.CodeAnalysis.CodeCleanUp.OrganizeMembers.AndRule">
                  <FirstRule Type="DevExpress.CodeAnalysis.CodeCleanUp.OrganizeMembers.GroupByVisibilitiesRule">
                    <Visibility>Public</Visibility>
                  </FirstRule>
                  <SecondRule Type="DevExpress.CodeAnalysis.CodeCleanUp.OrganizeMembers.GroupByKindRule">
                    <Kind>Method</Kind>
                  </SecondRule>
                </GroupRule>
                <SortingRule Type="DevExpress.CodeAnalysis.CodeCleanUp.OrganizeMembers.MultipleSortingsRule">
                  <Sortings>
                    <Item Id="{188a4ed7-5fc3-429e-90f9-1884370aec77}">
                      <Sorting>Visibility</Sorting>
                      <Order>Descending</Order>
                    </Item>
                    <Item Id="{9a74d031-1bba-47dc-b6ea-96ae23a2d793}">
                      <Sorting>Static</Sorting>
                    </Item>
                    <Item Id="{9be2ed2b-5124-47dc-9f76-ad0364a6502c}">
                      <Sorting>Name</Sorting>
                    </Item>
                    <Item Id="{e1f5a21e-8cec-4c50-b65f-09dc759bc554}">
                      <Sorting>ParameterCount</Sorting>
                    </Item>
                  </Sortings>
                </SortingRule>
                <RuleName>Methods</RuleName>
              </Item>
            </NestedRules>
            <RuleName></RuleName>
          </Item>
          <Item Id="{336d57a0-687d-48b7-aace-055663d4ecf8}" Type="DevExpress.CodeAnalysis.CodeCleanUp.OrganizeMembers.OrganizeMembersRegionsRule">
            <RegionText>Non-Public Methods</RegionText>
            <NestedRules>
              <Item Id="{b4992c33-1e64-41f0-a954-7e622ddc8f68}" Type="DevExpress.CodeAnalysis.CodeCleanUp.OrganizeMembers.OrganizeMembersGroupAndSortRule">
                <GroupRule Type="DevExpress.CodeAnalysis.CodeCleanUp.OrganizeMembers.AndRule">
                  <FirstRule Type="DevExpress.CodeAnalysis.CodeCleanUp.OrganizeMembers.NotRule">
                    <BaseRule Type="DevExpress.CodeAnalysis.CodeCleanUp.OrganizeMembers.GroupByVisibilitiesRule">
                      <Visibility>Public</Visibility>
                    </BaseRule>
                  </FirstRule>
                  <SecondRule Type="DevExpress.CodeAnalysis.CodeCleanUp.OrganizeMembers.GroupByKindRule">
                    <Kind>Method</Kind>
                  </SecondRule>
                </GroupRule>
                <SortingRule Type="DevExpress.CodeAnalysis.CodeCleanUp.OrganizeMembers.SingleSortingsRule">
                  <Sorting>Name</Sorting>
                </SortingRule>
                <RuleName>Non-Public Methods</RuleName>
              </Item>
            </NestedRules>
            <RuleName></RuleName>
          </Item>
          <Item Id="{9d74a254-b754-4434-8f7f-af82c24ceb6c}" Type="DevExpress.CodeAnalysis.CodeCleanUp.OrganizeMembers.OrganizeMembersRegionsRule">
            <RegionText>Nested Types</RegionText>
            <NestedRules>
              <Item Id="{5f2ffc1c-48e0-4af3-8b61-47231f10213f}" Type="DevExpress.CodeAnalysis.CodeCleanUp.OrganizeMembers.OrganizeMembersGroupAndSortRule">
                <GroupRule Type="DevExpress.CodeAnalysis.CodeCleanUp.OrganizeMembers.GroupByKindRule">
                  <Kind>Type</Kind>
                </GroupRule>
                <SortingRule Type="DevExpress.CodeAnalysis.CodeCleanUp.OrganizeMembers.SingleSortingsRule">
                  <Sorting>Name</Sorting>
                </SortingRule>
                <RuleName>Nested Types</RuleName>
              </Item>
            </NestedRules>
            <RuleName></RuleName>
          </Item>
          <DeletedItem Id="{b98b9ab7-3a4c-4b50-8c32-771f758e4507}" />
          <DeletedItem Id="{175afa49-1b02-4335-8697-426564eb966b}" />
          <DeletedItem Id="{e77e4019-3bb4-4784-8678-ab4cf2efc100}" />
          <DeletedItem Id="{b6c92908-6b20-4bfe-b597-b341d368694f}" />
          <DeletedItem Id="{2a66d808-4878-480c-b9b8-8ae03700c1e8}" />
          <DeletedItem Id="{3f3676c5-45dd-45df-888a-0f07b1b3707d}" />
          <DeletedItem Id="{1b549ff5-3ce2-43ff-93bc-f4da46903b6a}" />
          <DeletedItem Id="{b0120844-0819-42f0-a49b-62c4c7497a99}" />
          <DeletedItem Id="{00b09b98-ac03-48d2-b2a0-9c6e1b7ba907}" />
          <DeletedItem Id="{612527cd-1b3e-41be-8a3c-fce9731c5798}" />
          <DeletedItem Id="{7c815ce6-5ac8-4c71-a1a9-b7fc8adea37c}" />
          <DeletedItem Id="{f0d58f97-1bb4-4762-95e4-fb7f7b1e184f}" />
          <DeletedItem Id="{eddf6fb8-a51b-4632-b8fd-20965a20efe2}" />
          <DeletedItem Id="{0aa19952-807c-40eb-ab92-6c7a5f3f79b2}" />
          <DeletedItem Id="{e7160382-ae65-4f07-aaac-72e124360b1d}" />
        </Rules>
      </Item>
      <Item Id="{7e38469b-1da8-41db-9881-671feb369c78}">
        <SchemeName>iCore</SchemeName>
        <IsActive>True</IsActive>
        <Rules>
          <Item Id="{193c23fa-6564-4f0c-a5af-08865cb0cbc9}" Type="DevExpress.CodeAnalysis.CodeCleanUp.OrganizeMembers.OrganizeMembersGroupAndSortRule">
            <GroupRule Type="DevExpress.CodeAnalysis.CodeCleanUp.OrganizeMembers.GroupByKindRule">
              <Kind>Delegate</Kind>
            </GroupRule>
            <SortingRule Type="DevExpress.CodeAnalysis.CodeCleanUp.OrganizeMembers.MultipleSortingsRule">
              <Sortings>
                <Item Id="{6212e189-dd54-4d94-a5a5-22ddcccbc0d2}">
                  <Sorting>Visibility</Sorting>
                  <Order>Descending</Order>
                </Item>
                <Item Id="{7993fe8b-5138-416e-90fd-e3924079bbbe}">
                  <Sorting>Static</Sorting>
                </Item>
                <Item Id="{e123979f-33e2-4786-baec-ae049d8789bd}">
                  <Sorting>Name</Sorting>
                </Item>
                <Item Id="{0503bdc8-d983-41d3-b88d-dda758cd6e8d}">
                  <Sorting>ParameterCount</Sorting>
                </Item>
              </Sortings>
            </SortingRule>
            <RuleName>Delegates</RuleName>
          </Item>
          <Item Id="{e66ecb3d-3f84-4c75-ab03-dadd2c7064aa}" Type="DevExpress.CodeAnalysis.CodeCleanUp.OrganizeMembers.OrganizeMembersRegionsRule">
            <RegionText>Fields</RegionText>
            <NestedRules>
              <Item Id="{d47f5606-b428-43d9-9d7f-398f1acb06e4}" Type="DevExpress.CodeAnalysis.CodeCleanUp.OrganizeMembers.OrganizeMembersGroupAndSortRule">
                <GroupRule Type="DevExpress.CodeAnalysis.CodeCleanUp.OrganizeMembers.GroupByKindRule">
                  <Kind>Field</Kind>
                </GroupRule>
                <SortingRule Type="DevExpress.CodeAnalysis.CodeCleanUp.OrganizeMembers.MultipleSortingsRule">
                  <Sortings>
                    <Item Id="{e7257d91-0545-402c-839b-789f0473b08a}">
                      <Sorting>Visibility</Sorting>
                      <Order>Descending</Order>
                    </Item>
                    <Item Id="{819e9c75-571d-4566-874b-bdfacf56a199}">
                      <Sorting>Static</Sorting>
                    </Item>
                    <Item Id="{063f52ae-443e-4a50-8d3c-6bc6a2ed89a8}">
                      <Sorting>Name</Sorting>
                    </Item>
                  </Sortings>
                </SortingRule>
                <RuleName>Fields</RuleName>
              </Item>
            </NestedRules>
            <RuleName></RuleName>
          </Item>
          <Item Id="{b0656a56-36f6-4f85-bd44-2feafc838e86}" Type="DevExpress.CodeAnalysis.CodeCleanUp.OrganizeMembers.OrganizeMembersRegionsRule">
            <RegionText>Events</RegionText>
            <NestedRules>
              <Item Id="{c19e2958-caa3-4ec1-8226-38204db255a8}" Type="DevExpress.CodeAnalysis.CodeCleanUp.OrganizeMembers.OrganizeMembersGroupAndSortRule">
                <GroupRule Type="DevExpress.CodeAnalysis.CodeCleanUp.OrganizeMembers.GroupByKindRule">
                  <Kind>Event</Kind>
                </GroupRule>
                <SortingRule Type="DevExpress.CodeAnalysis.CodeCleanUp.OrganizeMembers.MultipleSortingsRule">
                  <Sortings>
                    <Item Id="{131911b0-80e4-41a6-8f46-ea4a7983a5c3}">
                      <Sorting>Visibility</Sorting>
                      <Order>Descending</Order>
                    </Item>
                    <Item Id="{ec31063a-9b9a-429f-a572-aac2f1e3defc}">
                      <Sorting>Static</Sorting>
                    </Item>
                    <Item Id="{05c8a89c-39cd-4745-a3b3-d07cd1f957f4}">
                      <Sorting>Name</Sorting>
                    </Item>
                  </Sortings>
                </SortingRule>
                <RuleName>Events</RuleName>
              </Item>
            </NestedRules>
            <RuleName></RuleName>
          </Item>
          <Item Id="{2c9aea31-c571-444a-a584-a9f494cce6d2}" Type="DevExpress.CodeAnalysis.CodeCleanUp.OrganizeMembers.OrganizeMembersRegionsRule">
            <RegionText>Construction</RegionText>
            <NestedRules>
              <Item Id="{567c85b7-04c7-48fc-b313-8a360cf17d4e}" Type="DevExpress.CodeAnalysis.CodeCleanUp.OrganizeMembers.OrganizeMembersGroupAndSortRule">
                <GroupRule Type="DevExpress.CodeAnalysis.CodeCleanUp.OrganizeMembers.OrRule">
                  <FirstRule Type="DevExpress.CodeAnalysis.CodeCleanUp.OrganizeMembers.GroupByKindRule">
                    <Kind>Destructor</Kind>
                  </FirstRule>
                  <SecondRule Type="DevExpress.CodeAnalysis.CodeCleanUp.OrganizeMembers.GroupByKindRule">
                    <Kind>Constructor</Kind>
                  </SecondRule>
                </GroupRule>
                <SortingRule Type="DevExpress.CodeAnalysis.CodeCleanUp.OrganizeMembers.MultipleSortingsRule">
                  <Sortings>
                    <Item Id="{0fd186ea-5379-4d9c-b0e4-d7c3250bbc05}">
                      <Sorting>Visibility</Sorting>
                      <Order>Descending</Order>
                    </Item>
                    <Item Id="{3ec231d1-c4c1-4b76-ac07-85219531bc80}">
                      <Sorting>Static</Sorting>
                    </Item>
                    <Item Id="{d31467c5-05be-493e-aea3-bb33a6ecabc4}">
                      <Sorting>Name</Sorting>
                    </Item>
                    <Item Id="{369505a3-6c93-473e-95aa-0f839949a63b}">
                      <Sorting>ParameterCount</Sorting>
                    </Item>
                  </Sortings>
                </SortingRule>
                <RuleName> Constructors and destructors</RuleName>
                <EmptyLineCount>1</EmptyLineCount>
              </Item>
            </NestedRules>
            <RuleName></RuleName>
          </Item>
          <Item Id="{f8a9f66d-943f-47db-983b-6b6a09c92d5b}" Type="DevExpress.CodeAnalysis.CodeCleanUp.OrganizeMembers.OrganizeMembersRegionsRule">
            <RegionText>Properties</RegionText>
            <NestedRules>
              <Item Id="{14aef144-3f7c-46a8-ae2c-1c1e1458f0a1}" Type="DevExpress.CodeAnalysis.CodeCleanUp.OrganizeMembers.OrganizeMembersGroupAndSortRule">
                <GroupRule Type="DevExpress.CodeAnalysis.CodeCleanUp.OrganizeMembers.OrRule">
                  <FirstRule Type="DevExpress.CodeAnalysis.CodeCleanUp.OrganizeMembers.GroupByKindRule">
                    <Kind>Indexer</Kind>
                  </FirstRule>
                  <SecondRule Type="DevExpress.CodeAnalysis.CodeCleanUp.OrganizeMembers.OrRule">
                    <FirstRule Type="DevExpress.CodeAnalysis.CodeCleanUp.OrganizeMembers.GroupByKindRule">
                      <Kind>Property</Kind>
                    </FirstRule>
                    <SecondRule Type="DevExpress.CodeAnalysis.CodeCleanUp.OrganizeMembers.GroupByKindRule">
                      <Kind>AutoImplementedProperty</Kind>
                    </SecondRule>
                  </SecondRule>
                </GroupRule>
                <SortingRule Type="DevExpress.CodeAnalysis.CodeCleanUp.OrganizeMembers.MultipleSortingsRule">
                  <Sortings>
                    <Item Id="{3bb539ab-46df-48b9-97f4-a924ed47f090}">
                      <Sorting>Visibility</Sorting>
                      <Order>Descending</Order>
                    </Item>
                    <Item Id="{de0d6755-faac-4d9b-b539-3d5bd70d1c9b}">
                      <Sorting>Static</Sorting>
                    </Item>
                    <Item Id="{aaf1bb6d-c6c2-423d-8f3b-ab64ea33aa63}">
                      <Sorting>Name</Sorting>
                    </Item>
                  </Sortings>
                </SortingRule>
                <RuleName>Properties</RuleName>
                <EmptyLineCount>1</EmptyLineCount>
              </Item>
            </NestedRules>
            <RuleName></RuleName>
          </Item>
          <Item Id="{1797ec18-72c9-4a4a-b88c-fc69f9a4560b}" Type="DevExpress.CodeAnalysis.CodeCleanUp.OrganizeMembers.OrganizeMembersRegionsRule">
            <RegionText>Public Methods</RegionText>
            <NestedRules>
              <Item Id="{8c23490d-1564-4d44-911b-5f723bb76128}" Type="DevExpress.CodeAnalysis.CodeCleanUp.OrganizeMembers.OrganizeMembersGroupAndSortRule">
                <GroupRule Type="DevExpress.CodeAnalysis.CodeCleanUp.OrganizeMembers.AndRule">
                  <FirstRule Type="DevExpress.CodeAnalysis.CodeCleanUp.OrganizeMembers.GroupByVisibilitiesRule">
                    <Visibility>Public</Visibility>
                  </FirstRule>
                  <SecondRule Type="DevExpress.CodeAnalysis.CodeCleanUp.OrganizeMembers.GroupByKindRule">
                    <Kind>Method</Kind>
                  </SecondRule>
                </GroupRule>
                <SortingRule Type="DevExpress.CodeAnalysis.CodeCleanUp.OrganizeMembers.MultipleSortingsRule">
                  <Sortings>
                    <Item Id="{6c602bed-1088-4fe5-a70d-00cbcb1adf1e}">
                      <Sorting>Visibility</Sorting>
                      <Order>Descending</Order>
                    </Item>
                    <Item Id="{43eb6cf1-7be8-4264-89e4-284f2d50c462}">
                      <Sorting>Static</Sorting>
                    </Item>
                    <Item Id="{da07cef2-d1fd-4fac-9382-7cfdbd75fddd}">
                      <Sorting>Name</Sorting>
                    </Item>
                    <Item Id="{0ccfce64-4d61-43ca-ab31-1b516b8ad868}">
                      <Sorting>ParameterCount</Sorting>
                    </Item>
                  </Sortings>
                </SortingRule>
                <RuleName>Methods</RuleName>
                <EmptyLineCount>1</EmptyLineCount>
              </Item>
            </NestedRules>
            <RuleName></RuleName>
          </Item>
          <Item Id="{047728d9-2bda-480a-833e-d4697460a70f}" Type="DevExpress.CodeAnalysis.CodeCleanUp.OrganizeMembers.OrganizeMembersRegionsRule">
            <RegionText>Non-Public Methods</RegionText>
            <NestedRules>
              <Item Id="{433fbfbd-a74a-4189-b002-e68f82e79986}" Type="DevExpress.CodeAnalysis.CodeCleanUp.OrganizeMembers.OrganizeMembersGroupAndSortRule">
                <GroupRule Type="DevExpress.CodeAnalysis.CodeCleanUp.OrganizeMembers.AndRule">
                  <FirstRule Type="DevExpress.CodeAnalysis.CodeCleanUp.OrganizeMembers.NotRule">
                    <BaseRule Type="DevExpress.CodeAnalysis.CodeCleanUp.OrganizeMembers.GroupByVisibilitiesRule">
                      <Visibility>Public</Visibility>
                    </BaseRule>
                  </FirstRule>
                  <SecondRule Type="DevExpress.CodeAnalysis.CodeCleanUp.OrganizeMembers.GroupByKindRule">
                    <Kind>Method</Kind>
                  </SecondRule>
                </GroupRule>
                <SortingRule Type="DevExpress.CodeAnalysis.CodeCleanUp.OrganizeMembers.SingleSortingsRule">
                  <Sorting>Name</Sorting>
                </SortingRule>
                <RuleName>Non-Public Methods</RuleName>
                <EmptyLineCount>1</EmptyLineCount>
              </Item>
            </NestedRules>
            <RuleName></RuleName>
          </Item>
          <Item Id="{90ef446c-bd70-409e-8dfc-454024a7c515}" Type="DevExpress.CodeAnalysis.CodeCleanUp.OrganizeMembers.OrganizeMembersRegionsRule">
            <RegionText>Nested Types</RegionText>
            <NestedRules>
              <Item Id="{37866a39-6b22-4530-b789-1d7c969ec100}" Type="DevExpress.CodeAnalysis.CodeCleanUp.OrganizeMembers.OrganizeMembersGroupAndSortRule">
                <GroupRule Type="DevExpress.CodeAnalysis.CodeCleanUp.OrganizeMembers.GroupByKindRule">
                  <Kind>Type</Kind>
                </GroupRule>
                <SortingRule Type="DevExpress.CodeAnalysis.CodeCleanUp.OrganizeMembers.SingleSortingsRule">
                  <Sorting>Name</Sorting>
                </SortingRule>
                <RuleName>Nested Types</RuleName>
                <EmptyLineCount>1</EmptyLineCount>
              </Item>
            </NestedRules>
            <RuleName></RuleName>
          </Item>
        </Rules>
      </Item>
    </Schemes>
    <RemoveExistingLineBreaks>True</RemoveExistingLineBreaks>
  </Options>
</Root>