<?xml version="1.0" encoding="utf-8"?>
<Root>
  <Options Language="C#">
    <RootCategory>
      <Categories>
        <Item Id="{9bc0d39a-b20c-41bb-bd1c-4d08d6d999a9}">
          <Templates>
            <Item Id="{5d7e8673-3c4d-4f8c-98e5-96799d699c6b}">
              <Enabled>False</Enabled>
            </Item>
            <Item Id="{871cff6e-18a7-44e2-9980-cf75ac927e7d}">
              <Enabled>False</Enabled>
            </Item>
            <Item Id="{fc65f206-ebed-4567-b2ad-5da5fe2d5383}">
              <Enabled>False</Enabled>
            </Item>
            <Item Id="{a4ca82b6-2912-47f4-bc3e-fa61fa152c64}">
              <Enabled>False</Enabled>
            </Item>
            <Item Id="{55344716-9e28-4e48-b69f-4ee8c28127cb}">
              <Enabled>False</Enabled>
            </Item>
            <Item Id="{cf975a83-9d8e-420e-a655-27d52cf13c09}">
              <Enabled>False</Enabled>
            </Item>
            <Item Id="{83aac52b-9b01-47e7-932a-8b56e8b86b10}">
              <Enabled>False</Enabled>
            </Item>
            <Item Id="{dc9f70e9-7053-45ed-90a6-e8257db37251}">
              <Enabled>False</Enabled>
            </Item>
            <Item Id="{bfc86380-a990-47cc-9262-d6d644337e35}">
              <Enabled>False</Enabled>
            </Item>
            <Item Id="{2830b620-b907-4390-8eda-c030402a9968}">
              <Enabled>False</Enabled>
            </Item>
            <Item Id="{efc78e7d-fbe7-4a4f-a489-3ff6b881442b}">
              <Enabled>False</Enabled>
            </Item>
            <Item Id="{336f73d0-1064-4ced-99a4-a36400438379}">
              <Enabled>False</Enabled>
            </Item>
            <Item Id="{5babdc02-57e8-4854-82f7-9a9b97e48dad}">
              <Enabled>False</Enabled>
            </Item>
            <Item Id="{8f6f1bb6-a38a-4c81-ae9b-f77a8709a73d}">
              <Enabled>False</Enabled>
            </Item>
            <Item Id="{b0fb5608-05db-47c4-94b4-2bc7f72bc642}">
              <Enabled>False</Enabled>
            </Item>
            <Item Id="{a43c547a-2d44-46eb-b39b-d39f7eb65a24}">
              <Enabled>False</Enabled>
            </Item>
            <Item Id="{890dc8c3-dd34-489e-996a-4f3651f3e72a}">
              <Enabled>False</Enabled>
            </Item>
            <Item Id="{d420e166-39c2-4ea1-a7b2-36416f33de4f}">
              <Enabled>False</Enabled>
            </Item>
            <Item Id="{e4028d8a-d830-4882-b3ac-88e9913d996c}">
              <Enabled>False</Enabled>
            </Item>
            <Item Id="{ed44f8f7-61d8-4932-ac14-6fb30ff55efb}">
              <Enabled>False</Enabled>
            </Item>
            <Item Id="{d7b9b3af-94a6-4c1b-92c8-8058d1d71f0e}">
              <Enabled>False</Enabled>
            </Item>
            <Item Id="{e91be916-8c04-4ebd-a9af-ddc38a046272}">
              <Enabled>False</Enabled>
            </Item>
            <Item Id="{65b10956-7ae0-44ed-a376-6195f7e4d953}">
              <Enabled>False</Enabled>
            </Item>
          </Templates>
        </Item>
        <Item Id="{8e4132de-c894-486f-8004-e2d08d0ba979}" />
        <Item Id="{2433228d-3ae2-4022-aa52-7ab7a1a3116b}" />
        <Item Id="{1379a9c1-e7a0-4872-87e5-24ef7c4a1315}" />
        <Item Id="{80783537-1b32-4a51-b716-b32036574f4f}">
          <Categories>
            <Item Id="{b0ab5d92-a8d9-45f2-b836-13a09cf50f81}" />
            <Item Id="{8586b821-3176-4e32-b463-b43fdc8b08d1}" />
            <Item Id="{b1ccfce1-6fa4-4ec5-bc79-633f155ef6e0}">
              <Templates>
                <Item Id="{1eb7d0d8-1eba-4388-854c-ac6883b897ca}" />
                <Item Id="{8b4f495b-6b46-4d22-a7d2-619637bda124}" />
                <Item Id="{fe7e685b-1d5a-4562-9cc0-38f06af0d369}">
                  <Items>
                    <Item Id="{ab3cd059-f315-4783-8587-4baa4bd8efbb}">
                      <Expansion>// TODO PP: «Caret»</Expansion>
                    </Item>
                  </Items>
                </Item>
              </Templates>
            </Item>
            <Item Id="{9a5d15c4-14c4-4801-99eb-c2f780988289}" />
          </Categories>
        </Item>
        <Item Id="{6b1c63bd-043f-4639-b757-a0c6132270fa}">
          <IsSelected>False</IsSelected>
          <Categories>
            <Item Id="{d050e8b1-af5d-4735-b7c7-e859c8d70e22}" />
            <Item Id="{7e5a0f53-8c6c-403b-af38-d98c827535c9}" />
            <Item Id="{960ca7ba-df39-4971-9d05-ae3b59005050}" />
            <Item Id="{18274d09-9b0a-4f2f-a005-9e28b69cdc72}" />
            <Item Id="{8c8bf0a1-b107-4060-bb92-0e22275c578b}">
              <Categories>
                <Item Id="{3c5a2c03-ce2a-49f1-b2ab-4e970056988f}" />
                <Item Id="{4f3bbe42-5be1-451f-9d81-827931517bf9}" />
                <Item Id="{e96c9c05-2989-49e9-8cd7-a525b3f210c6}">
                  <Templates>
                    <Item Id="{3fa2fd41-7a96-4021-84b0-986f9a383cee}">
                      <Items>
                        <Item Id="{3a7184b9-1dd7-46ee-8ce5-02db43eff28f}">
                          <Expansion>/// &lt;summary&gt;
/// «Marker»
/// &lt;/summary&gt;
[Serializable]
public class «:#ExceptionNameSelected#»: Exception
{
   «:#ExceptionConstructor#»

   public «:#ExceptionName#»(string message) 
      : base(message) 
   {
   }

   public «:#ExceptionName#»(string message, Exception innerException) 
      : base(message, innerException) 
   {
   }

   protected «:#ExceptionName#»(SerializationInfo info, StreamingContext context) 
      : base(info, context) 
   {
   }
}«Target»</Expansion>
                        </Item>
                      </Items>
                    </Item>
                    <Item Id="{091852c5-6fde-478c-a88a-ced8df84ceae}" />
                    <Item Id="{4de6ab10-5966-4266-b550-83fa791ef84f}">
                      <Items>
                        <Item Id="{647e8e6e-90ee-4f95-95db-6e4934054b33}">
                          <Expansion>   public «:#ExceptionName#»() 
   { 
   }
</Expansion>
                        </Item>
                      </Items>
                    </Item>
                    <Item Id="{3d81983e-7d33-4e92-a34e-994864d524da}" />
                    <Item Id="{829c5244-c615-4e27-845b-a918e6b566f3}" />
                    <Item Id="{afa80cb8-67fc-46ca-a95c-b4e174156b1e}" />
                    <Item Id="{52274cb2-ce02-4db9-90de-b1f5086923d5}" />
                    <Item Id="{da6c900a-fd04-44a4-bafe-a29e02a62f29}" />
                    <Item Id="{7f091567-75a7-4301-924c-8646b5e32671}" />
                    <Item Id="{ba75d74e-e90f-4e05-89c8-6842108d6274}" />
                  </Templates>
                </Item>
              </Categories>
            </Item>
            <Item Id="{69ad7761-2769-4949-baad-b634be8f5792}">
              <IsExpanded>True</IsExpanded>
              <Categories>
                <Item Id="{b8e6a441-735e-4957-bc46-36c975c7b88f}" />
                <Item Id="{83858b58-b648-4219-a96e-3564a09b3ce2}" />
                <Item Id="{2e234851-73b9-480e-8bb1-1664926b78b3}" />
                <Item Id="{6629b550-917c-4eab-b9ed-b0eb55feb89a}" />
                <Item Id="{d3115c79-f144-4ac7-8768-cbdbf02c0a5b}">
                  <Templates>
                    <Item Id="{7e1c8b33-2ddb-4165-9b80-6d2b99ead24e}" />
                    <Item Id="{c855b255-c62a-469e-a94a-3581112eed19}">
                      <Items>
                        <Item Id="{bc15a62b-6b75-4fc5-9403-dfde7e243994}" />
                        <Item Id="{629d693e-efb0-4b92-8313-948cb1211a1d}">
                          <IsSelected>False</IsSelected>
                        </Item>
                        <Item Id="{5949f3e7-afdd-471f-a37d-d1d8840729c4}" />
                        <Item Id="{e68df283-5741-405c-a1d1-221ea31e0ab1}" />
                      </Items>
                    </Item>
                  </Templates>
                </Item>
                <Item Id="{b5315f97-9771-424b-a52b-e457708a5fb0}">
                  <IsExpanded>True</IsExpanded>
                </Item>
              </Categories>
              <Templates>
                <Item Id="{2e6beb55-92ef-418d-af07-880b3e9555f4}" />
                <Item Id="{5ce82b20-8b33-417f-a6ed-660c5ad1e082}" />
                <Item Id="{bb9161be-1ac7-4412-b988-5dcf143b0519}" />
                <Item Id="{2f4e553c-33e1-4059-9c7e-0d94816043a9}" />
                <Item Id="{67d9900c-8253-426b-bd10-b92666af852c}" />
                <Item Id="{7911cec8-b773-4ec9-9e4f-b99da6db2102}" />
                <Item Id="{629330ef-4067-4fda-a3d5-e6f748fb01e1}">
                  <Enabled>False</Enabled>
                  <ExpansionTrigger>Secondary</ExpansionTrigger>
                  <IsExpanded>True</IsExpanded>
                </Item>
                <Item Id="{9e47a207-5b8e-4d86-8997-cda4a1e9f58e}" />
                <Item Id="{3999b3c0-4146-42fa-85b4-9285c452d82d}" />
                <Item Id="{58e09b2f-2713-48d4-a31b-d967b7acae15}" />
              </Templates>
            </Item>
            <Item Id="{4a2e768c-9339-40f4-ac34-a556b3a3e611}">
              <Templates>
                <Item Id="{22a99189-ec45-4cc4-a2e4-ae620005af35}" />
                <Item Id="{964160d2-559b-4d29-be9a-40159ccdec49}" />
                <Item Id="{42265079-ea91-4feb-acbb-1df08b358d6b}" />
                <Item Id="{d8b783d8-32a8-4323-bb5c-8e674de6aae1}" />
                <Item Id="{88e9f987-4664-446e-91a9-d834c8ddf256}" />
                <Item Id="{d46bf468-efe7-4949-9b1d-c36414828f00}" />
                <Item Id="{6267370e-ad81-499a-9324-51d65a1fbaa6}" />
                <Item Id="{e5a37751-4de9-46b7-84cc-1da049f1ff19}" />
                <Item Id="{97f2eba4-d17e-4355-9764-cf47e49cd9bb}" />
                <Item Id="{20ce205c-a380-49f3-a1e5-32fea9595532}" />
                <DeletedItem Id="{c4d44d48-bad5-4efa-807a-9a52f6b31be5}" />
              </Templates>
            </Item>
            <Item Id="{de5230be-ff29-4a6b-b348-66dfe7e290c2}" />
            <Item Id="{71dd7874-aaf7-4702-b321-16a102ab2924}" />
            <Item Id="{f3358d89-efad-4f28-be53-7b99696cd1a6}" />
            <Item Id="{a7d85262-390e-4859-8433-65331b5bfa43}" />
            <Item Id="{eb1b6097-7ae6-494e-8622-c1c0acbaa9c3}" />
            <Item Id="{ade4e77d-3ab8-4ca5-b5bc-5a071cdc8f42}" />
            <Item Id="{bca1a4cf-bc55-42e2-b165-1b32329aec6b}" />
            <Item Id="{2c03873f-bf60-43a7-b891-f52194d219fb}" />
            <Item Id="{d065d559-c6fa-4ef8-aa0e-7d64bbb4ca6d}" />
          </Categories>
        </Item>
        <Item Id="{2ff95045-9084-4395-93a8-70d11cc8cdeb}" />
        <Item Id="{633d268e-6d35-46c7-ac5d-d2885ca35a0d}" />
        <Item Id="{34b6c10a-ee60-4c30-9f5c-e0c033ce7867}" />
        <Item Id="{e63d4dbd-49ce-4fd6-ab9d-99e0bfc60b35}" />
        <Item Id="{f4703284-a160-4272-be22-3366ade5e43f}" />
        <Item Id="{51f7a921-200c-43e3-944c-54521ed0c201}">
          <Templates>
            <Item Id="{190e7bc5-be44-4244-8f3a-9eb370550bae}" />
            <Item Id="{cfc692fd-4a2f-4667-a9c9-b012241e5057}" />
            <Item Id="{1ab1b56e-cfbd-4780-9264-c14da589178d}" />
            <Item Id="{383f1227-464a-4a63-b74e-8e8bec2c0cf7}" />
            <Item Id="{905bfc4c-dc77-48f0-acc5-dc6cd54fda14}" />
            <Item Id="{cd1f9ea1-d96b-4171-b8cf-33c4c6dda54e}" />
            <Item Id="{641e3e64-7677-4bb8-9031-69b0271580c2}" />
            <Item Id="{870bbf1f-c113-401d-9816-4d5650e333d1}" />
            <Item Id="{34d50689-1837-4f0b-b015-2f3c18254235}" />
            <Item Id="{8a65d5cb-e941-4350-bbed-d1181f5ab44a}" />
            <Item Id="{1405f819-5d16-47bf-9b80-4d295c799934}" />
            <Item Id="{e0480bd7-1608-41a9-b727-ef2882fd0c37}" />
            <Item Id="{d007da21-10d9-4cfc-8495-ee704729996a}" />
            <Item Id="{57153601-197e-4308-80af-8b1fab83f406}" />
            <Item Id="{aef3ca1c-a041-4b06-ab0b-9b87b1478671}" />
            <Item Id="{475391d6-0a69-4b0a-af49-292b3032c510}" />
            <Item Id="{257dd0b9-1c79-40f0-bdea-5fab829260a9}" />
            <DeletedItem Id="{32883ee0-2fb5-46f3-b990-ccb6680d4e7d}" />
          </Templates>
        </Item>
        <Item Id="{08077498-5ebe-4300-ad58-bcbf5a3ebac3}" />
        <Item Id="{90ee1142-998a-40f3-8aa1-fe850f766551}">
          <Categories>
            <Item Id="{77e9f92c-f22d-4126-9298-e18268ffda8f}" />
            <Item Id="{30d6487d-a7e1-4d1f-85c7-0b99df813d88}" />
            <Item Id="{9956cc70-0219-41ea-8407-4b4c6a2b4bda}">
              <Templates>
                <Item Id="{de72db2b-a6a3-4058-ad15-a89c84d14246}" />
                <Item Id="{2b7125c6-982f-4631-b67f-e96953c31fa5}" />
                <Item Id="{cc7ec364-306b-47d5-aa26-72668e0be293}" />
                <Item Id="{4dae13ed-767c-45c6-988c-20eb371381e1}" />
                <Item Id="{c1b556d4-306b-4da4-b863-72ac3595287a}" />
                <Item Id="{b2bf6eef-8e5d-49e4-9888-ab6a10da7733}" />
                <Item Id="{810f8835-d68f-4eb2-b34e-5a473971dd57}" />
                <Item Id="{7a7694ae-304e-453f-9992-909e4e08513f}" />
                <DeletedItem Id="{ca7adf5c-59a1-48ee-a495-9da87fc1d02d}" />
              </Templates>
            </Item>
            <Item Id="{509da8e3-83b6-4bac-b50f-95611620b314}" />
            <Item Id="{e8e29f92-7bae-46a4-83f9-9e06806c9748}" />
          </Categories>
        </Item>
        <Item Id="{662a95d0-4d80-484b-b649-044f1464ff4a}" />
        <Item Id="{9c9bbf9d-c82c-450d-bafa-2d8b1f6a4a63}" />
        <Item Id="{78fc30d9-aa85-4d78-a3f0-8eeb5a2e1496}" />
        <Item Id="{cb08e1a8-1829-4409-87e1-d9a9d3eea8a3}" />
        <Item Id="{96418b0c-83d3-4656-90c9-59d4139e045c}" />
        <Item Id="{a641e756-107f-4e82-9952-010819e35abe}">
          <Templates>
            <Item Id="{287848f4-96f5-40d7-a8a0-fbd379e727c0}" />
            <Item Id="{4d8f95d5-66e0-4a4c-945f-b71f921f146f}" />
            <Item Id="{148808c1-095b-4043-bb03-d6cac47894aa}" />
            <Item Id="{d8c64fbc-daf4-42e5-8880-e20aac096149}" />
            <Item Id="{3886bb1d-1a64-4821-ad0d-099f4ab8f757}">
              <Items>
                <Item Id="{cff5a415-d44f-4dd0-af14-9b18fbe6ca22}">
                  <Context>([InRazorCodeBlock] || [InType]) &amp;&amp; !([DeclaresLocal(«?Get(TemplateName)»)] || [InComment] || [InXmlDocComment] || [InPreprocessorDirective] || [InString] || [AppearsToDeclare(«?Get(TemplateName)»)])</Context>
                </Item>
              </Items>
            </Item>
            <Item Id="{d551c018-a6e2-4f6e-8d2d-2c66dd4f5c36}" />
            <Item Id="{8a794f89-cfc9-496b-97a6-4315d5ab99f3}" />
          </Templates>
        </Item>
        <Item Id="{4cada8e9-90e0-4fe3-8171-91a3735d1447}" />
        <Item Id="{3888be66-16ab-4a3e-b416-144246345fa0}" />
        <Item Id="{df17721e-b6cf-4419-9b18-fffdcad96026}">
          <CategoryName>Custom</CategoryName>
          <IsExpanded>True</IsExpanded>
          <Categories />
          <Templates>
            <Item Id="{c3a11359-8606-4139-a936-92b6647b0646}">
              <TemplateName>sdd</TemplateName>
              <Items>
                <Item Id="{cbac859d-179c-436f-a409-e49971117600}">
                  <Expansion>System.Diagnostics.Debug(«Caret»);</Expansion>
                  <Context>[InMethod] &amp;&amp; [OnEmptyLine] &amp;&amp; !([InAnyComment] || [InString])</Context>
                  <UsingClause />
                </Item>
              </Items>
            </Item>
            <Item Id="{bec009e8-b691-49bb-a41f-e648ba239933}">
              <TemplateName>tee</TemplateName>
              <IsSelected>True</IsSelected>
              <Items>
                <Item Id="{7ae7fe48-5907-4085-bcf4-dc27ec7089b0}">
                  <Expansion>// TODO EB («?Date»): «Caret»</Expansion>
                  <Context>[OnEmptyLine] &amp;&amp; !([InAnyComment] || [InString])</Context>
                  <IsSelected>True</IsSelected>
                  <UsingClause />
                </Item>
              </Items>
            </Item>
            <Item Id="{fa244d1e-9e64-498d-8ddf-d8429a5f2e10}">
              <TemplateName>doc</TemplateName>
              <Items>
                <Item Id="{de84aac1-5da0-4682-bfea-b1d61bf8c60e}">
                  <Expansion>// TODO PP: Write/update documentation.</Expansion>
                  <Context>[OnEmptyLine] &amp;&amp; !([InAnyComment] || [InString])</Context>
                  <UsingClause />
                </Item>
              </Items>
            </Item>
            <Item Id="{8e183806-212d-4a8e-bcdd-5c10b4076ce3}">
              <TemplateName>rcc</TemplateName>
              <Items>
                <Item Id="{1f58aa66-3166-41f8-8c6b-e21b409ed4f0}">
                  <Expansion>// TODO PP: Remove commented code.</Expansion>
                  <Context>[OnEmptyLine] &amp;&amp; !([InAnyComment] || [InString])</Context>
                  <UsingClause />
                </Item>
              </Items>
            </Item>
            <Item Id="{652b4b6c-3a1a-4f7f-87c6-bdc9b6de969c}">
              <TemplateName>&lt;lw</TemplateName>
              <Items>
                <Item Id="{0936440c-1157-40f4-8590-4290b1691e2e}">
                  <Expansion>&lt;see langword="«Caret»«FieldStart»null«FieldEnd»«BlockAnchor»"/&gt;«FinalTarget()»</Expansion>
                  <Context>[InXmlDocComment]</Context>
                  <UsingClause />
                </Item>
              </Items>
            </Item>
          </Templates>
        </Item>
        <DeletedItem Id="{447c50a1-8ec8-44ee-9915-7f0548350093}" />
      </Categories>
    </RootCategory>
  </Options>
</Root>