<?xml version="1.0" encoding="utf-8"?>
<Root>
  <Options Language="Neutral">
    <Providers>
      <Item Id="{48350b05-caa7-44c4-9329-be2e355f85c4}">
        <AdvisorName>Clipboard History</AdvisorName>
        <Enabled>True</Enabled>
      </Item>
      <Item Id="{4de93e72-6bdb-4a7c-90c8-fa47ff138016}">
        <AdvisorName>Code Cleanup</AdvisorName>
        <Enabled>True</Enabled>
      </Item>
      <Item Id="{03900dbf-0741-4d0f-b5a5-6236a80bf97a}">
        <AdvisorName>Comment Selection</AdvisorName>
        <Enabled>True</Enabled>
      </Item>
      <Item Id="{c7705e34-c95b-4cc8-a434-8af247631ad3}">
        <AdvisorName>Smart Duplicate Line</AdvisorName>
        <Enabled>True</Enabled>
      </Item>
      <Item Id="{a9cff568-3ee9-43fa-8860-ff216ce1a49c}">
        <AdvisorName>Template: Case statement declaration</AdvisorName>
        <Enabled>True</Enabled>
      </Item>
      <Item Id="{5df3ec89-cacf-4172-9300-07e8034e9447}">
        <AdvisorName>Template: Type declaration</AdvisorName>
        <Enabled>True</Enabled>
      </Item>
      <Item Id="{48ca061a-3fe3-43b8-be23-9ac9eab35cc7}">
        <AdvisorName>Template: Field declaration</AdvisorName>
        <Enabled>True</Enabled>
      </Item>
      <Item Id="{33cdec03-a8a7-4702-8727-9c3df21e5355}">
        <AdvisorName>Template: For statement declaration</AdvisorName>
        <Enabled>True</Enabled>
      </Item>
      <Item Id="{61e53524-a426-4c12-91d9-724ab444be42}">
        <AdvisorName>Template: Method declaration</AdvisorName>
        <Enabled>True</Enabled>
      </Item>
      <Item Id="{82ad7acc-08d4-41fa-8db0-3887ae58c3bb}">
        <AdvisorName>Template: Property declaration</AdvisorName>
        <Enabled>True</Enabled>
      </Item>
      <Item Id="{140b8290-9e4a-4565-b2d3-3c089b5a52a8}">
        <AdvisorName>Template: Switch\Select statement declaration</AdvisorName>
        <Enabled>True</Enabled>
      </Item>
      <Item Id="{eea02cdd-6ebd-48cf-af5f-833460e10141}">
        <AdvisorName>Template: Using statement declaration</AdvisorName>
        <Enabled>True</Enabled>
      </Item>
    </Providers>
  </Options>
</Root>