<?xml version="1.0" encoding="utf-8"?>
<Root>
  <Options Language="Neutral">
    <RootFolder>
      <SubFolders>
        <Item Id="{01ea3896-6cc1-4912-824e-88c7c5a82a25}">
          <SubFolders>
            <Item Id="{4fe9d975-e06f-45ee-b9a4-79dfa309787e}">
              <SubFolders>
                <DeletedItem Id="{ced26776-e318-4db8-b7ec-144d818d82ee}" />
              </SubFolders>
              <Bindings>
                <Item Id="{997d45f9-3626-4439-a3ae-bb31b51a5b2a}" />
                <Item Id="{a80b0add-f3d0-42d2-a516-7ef628a88058}" />
                <Item Id="{9dfb6b6c-ea17-4d95-b70a-27ff77030006}">
                  <Key1>
                    <Shift>True</Shift>
                    <Ctrl>True</Ctrl>
                    <KeyState>917505</KeyState>
                    <KeyCode>8</KeyCode>
                    <OriginalKeyState>917505</OriginalKeyState>
                  </Key1>
                </Item>
                <Item Id="{0c8cba11-7bab-4233-83eb-3752d1488f2d}" />
                <Item Id="{0f4276d6-3a81-455b-9a21-1ca046efb06e}" />
              </Bindings>
            </Item>
            <Item Id="{617bf4c0-2098-418f-92a5-199c731a9265}" />
            <Item Id="{fddd76c1-ce59-4119-a336-6c32f3e6df70}">
              <FolderName>Bookmarks</FolderName>
              <SubFolders />
              <Bindings>
                <Item Id="{9eb565d1-e9db-40b6-89d1-9188b55a926e}">
                  <Key1>
                    <Alt>True</Alt>
                    <Ctrl>True</Ctrl>
                    <KeyState>537001985</KeyState>
                    <KeyCode>49</KeyCode>
                    <OriginalKeyState>537001985</OriginalKeyState>
                  </Key1>
                  <Key2 />
                  <Command>BookmarkToggle</Command>
                  <Parameters>1</Parameters>
                  <ReadableContext>[CodeEditorHasFocus]</ReadableContext>
                </Item>
                <Item Id="{3a4b026a-3bb4-4821-9a72-62822c487a3c}">
                  <Key1>
                    <Alt>True</Alt>
                    <Ctrl>True</Ctrl>
                    <KeyState>537133057</KeyState>
                    <KeyCode>51</KeyCode>
                    <OriginalKeyState>537133057</OriginalKeyState>
                  </Key1>
                  <Key2 />
                  <Command>BookmarkToggle</Command>
                  <Parameters>3</Parameters>
                  <ReadableContext>[CodeEditorHasFocus]</ReadableContext>
                </Item>
                <Item Id="{c3af10fe-c356-4795-a190-25579d43b1a1}">
                  <Key1>
                    <Alt>True</Alt>
                    <Ctrl>True</Ctrl>
                    <KeyState>537067521</KeyState>
                    <KeyCode>50</KeyCode>
                    <OriginalKeyState>537067521</OriginalKeyState>
                  </Key1>
                  <Key2 />
                  <Command>BookmarkToggle</Command>
                  <Parameters>2</Parameters>
                  <ReadableContext>[CodeEditorHasFocus]</ReadableContext>
                </Item>
                <Item Id="{0072233e-2287-4e97-b4c5-5309673c0622}">
                  <Key1>
                    <Alt>True</Alt>
                    <Ctrl>True</Ctrl>
                    <KeyState>537198593</KeyState>
                    <KeyCode>52</KeyCode>
                    <OriginalKeyState>537198593</OriginalKeyState>
                  </Key1>
                  <Key2 />
                  <Command>BookmarkToggle</Command>
                  <Parameters>4</Parameters>
                  <ReadableContext>[CodeEditorHasFocus]</ReadableContext>
                </Item>
                <Item Id="{be0bf515-6d58-4dad-9f00-0b1f09866e2e}">
                  <Key1>
                    <Alt>True</Alt>
                    <Ctrl>True</Ctrl>
                    <KeyState>537264129</KeyState>
                    <KeyCode>53</KeyCode>
                    <OriginalKeyState>537264129</OriginalKeyState>
                  </Key1>
                  <Key2 />
                  <Command>BookmarkToggle</Command>
                  <Parameters>5</Parameters>
                  <ReadableContext>[CodeEditorHasFocus]</ReadableContext>
                </Item>
                <Item Id="{2f4412c0-aafc-4027-996e-71a6da801417}">
                  <Key1>
                    <Alt>True</Alt>
                    <Ctrl>True</Ctrl>
                    <KeyState>537329665</KeyState>
                    <KeyCode>54</KeyCode>
                    <OriginalKeyState>537329665</OriginalKeyState>
                  </Key1>
                  <Key2 />
                  <Command>BookmarkToggle</Command>
                  <Parameters>6</Parameters>
                  <ReadableContext>[CodeEditorHasFocus]</ReadableContext>
                </Item>
                <Item Id="{ab443a67-619d-4ccb-8923-e6b155584639}">
                  <Key1>
                    <Alt>True</Alt>
                    <KeyState>537001985</KeyState>
                    <KeyCode>49</KeyCode>
                    <OriginalKeyState>537001985</OriginalKeyState>
                  </Key1>
                  <Key2 />
                  <Command>BookmarkGoto</Command>
                  <Parameters>1</Parameters>
                  <ReadableContext>[CodeEditorHasFocus]</ReadableContext>
                </Item>
                <Item Id="{90f8ccbe-865f-4b4a-b272-e0386071efe3}">
                  <Key1>
                    <Alt>True</Alt>
                    <KeyState>537067521</KeyState>
                    <KeyCode>50</KeyCode>
                    <OriginalKeyState>537067521</OriginalKeyState>
                  </Key1>
                  <Key2 />
                  <Command>BookmarkGoto</Command>
                  <Parameters>2</Parameters>
                  <ReadableContext>[CodeEditorHasFocus]</ReadableContext>
                </Item>
                <Item Id="{dbbc6b56-dab1-4d2d-8212-19a25993c064}">
                  <Key1>
                    <Alt>True</Alt>
                    <KeyState>537133057</KeyState>
                    <KeyCode>51</KeyCode>
                    <OriginalKeyState>537133057</OriginalKeyState>
                  </Key1>
                  <Key2 />
                  <Command>BookmarkGoto</Command>
                  <Parameters>3</Parameters>
                  <ReadableContext>[CodeEditorHasFocus]</ReadableContext>
                </Item>
                <Item Id="{a3c51398-2aea-4859-9e5c-e3e923785d08}">
                  <Key1>
                    <Alt>True</Alt>
                    <KeyState>537198593</KeyState>
                    <KeyCode>52</KeyCode>
                    <OriginalKeyState>537198593</OriginalKeyState>
                  </Key1>
                  <Key2 />
                  <Command>BookmarkGoto</Command>
                  <Parameters>4</Parameters>
                  <ReadableContext>[CodeEditorHasFocus]</ReadableContext>
                </Item>
                <Item Id="{c123c863-6d2e-449c-8ee1-8288c5f91924}">
                  <Key1>
                    <Alt>True</Alt>
                    <KeyState>537264129</KeyState>
                    <KeyCode>53</KeyCode>
                    <OriginalKeyState>537264129</OriginalKeyState>
                  </Key1>
                  <Key2 />
                  <Command>BookmarkGoto</Command>
                  <Parameters>5</Parameters>
                  <ReadableContext>[CodeEditorHasFocus]</ReadableContext>
                </Item>
                <Item Id="{8757b663-579a-4c19-942e-8e30b764cf1c}">
                  <Key1>
                    <Alt>True</Alt>
                    <KeyState>537329665</KeyState>
                    <KeyCode>54</KeyCode>
                    <OriginalKeyState>537329665</OriginalKeyState>
                  </Key1>
                  <Key2 />
                  <Command>BookmarkGoto</Command>
                  <Parameters>6</Parameters>
                  <ReadableContext>[CodeEditorHasFocus]</ReadableContext>
                </Item>
              </Bindings>
            </Item>
            <Item Id="{0d027ecb-e83f-4f4a-97d7-01aa4edd9bb5}" />
          </SubFolders>
          <Bindings>
            <Item Id="{88959174-9ffa-429b-bef8-aeddb65b9c2a}" />
            <Item Id="{975814d0-802e-4143-a979-22d3f975cfc2}" />
            <Item Id="{0260c6ac-cfdb-4874-88c5-66bbf9b84e9b}" />
            <Item Id="{dd4ceb84-80b3-4517-ac9b-170dcffe646f}" />
            <Item Id="{ee0b4600-2d2c-4700-8d4d-578027321f74}" />
            <Item Id="{d37c2c40-a7c6-403f-8556-8fb690d4c656}" />
            <Item Id="{baf8010d-02d7-4ac9-b644-0c670f796ce4}" />
            <Item Id="{676742ae-19ea-4884-840d-2be66d9bb49c}" />
            <Item Id="{43d481e0-19e4-405d-b7e3-687fc610050c}" />
            <Item Id="{f1a06e4e-3241-438d-84e5-044e3e907492}" />
            <Item Id="{d17dc8ec-567d-4657-ab9c-8bc5473d6567}">
              <Key1>
                <Alt>True</Alt>
                <KeyState>540082177</KeyState>
                <KeyCode>78</KeyCode>
                <OriginalKeyState>540082177</OriginalKeyState>
              </Key1>
              <Key2 />
              <Command>Navigate</Command>
              <ReadableContext>[CodeEditorHasFocus]</ReadableContext>
            </Item>
            <Item Id="{3b8cae25-e23f-443c-98ff-83d38711f26e}" />
            <Item Id="{a06ba470-2048-47ac-b7af-93653ce09359}" />
            <Item Id="{491253a6-324c-4a0f-b4e5-aff443b00fb9}" />
            <Item Id="{1562ccb9-7f21-492d-8c71-42d5ff7ecf9a}" />
            <Item Id="{34c575e6-55c2-4d7f-a839-8167bfa1a831}" />
            <Item Id="{b253a65c-b13a-42bd-8d59-4a790ce19f3a}" />
            <Item Id="{011d4fb6-22ba-4d11-8a05-ed753b5dbd8a}" />
            <Item Id="{804634ae-7823-4541-a8fe-d7da6c807b41}" />
            <Item Id="{eb8a243c-8645-46cf-98ac-e73a6e32cf3e}" />
            <Item Id="{5f2e52af-bb7d-46cc-819d-3f2a2860ba8c}" />
            <Item Id="{9848d5d7-d513-4f1e-98aa-fcd21b3eb498}" />
          </Bindings>
        </Item>
        <Item Id="{66d31aae-e1f0-43b9-8108-123cb59d73bd}" />
        <Item Id="{4fcfb46a-6fd9-4ba4-a790-6447cb1cf0a5}" />
        <Item Id="{55d41133-671c-49f1-a934-6c5d59c3f319}">
          <Bindings>
            <Item Id="{3cbca747-a777-4984-86f6-9987688f4e23}" />
            <Item Id="{e29721b9-96d1-49b0-ab5e-55dcf6170644}" />
            <Item Id="{b1a3721d-06ed-42d2-aa5d-9974634e2f8b}">
              <Key1>
                <KeyState>3932161</KeyState>
                <KeyCode>113</KeyCode>
                <OriginalKeyState>3932161</OriginalKeyState>
              </Key1>
              <Key2 />
              <Command>Rename</Command>
            </Item>
            <Item Id="{ead139d2-ddb7-4251-a9cd-686b42f4dd72}" />
            <Item Id="{51ddd495-85fc-4503-a6dc-c5c828fdbca9}" />
            <Item Id="{94c8dc3a-5f41-4903-b352-532ad2df595e}" />
            <Item Id="{3ed9e248-dbdd-402f-98f2-9c9eead1f2ad}" />
            <Item Id="{ebad2dc4-813d-468c-8114-d354e370a9fb}" />
          </Bindings>
        </Item>
        <Item Id="{a3f2b3b4-9497-4db5-9f8b-c4b30a2240ac}">
          <SubFolders>
            <Item Id="{28d84f66-997e-40f1-916b-bccd3a30e979}" />
            <Item Id="{5f50d588-fef9-4f94-843a-08a71e81cadb}" />
            <Item Id="{0e1a8f0e-939c-43d4-a574-17bc62e79d31}">
              <Bindings>
                <Item Id="{173b3228-6b7d-4fe0-a9cc-b505df87fad2}">
                  <Enabled>True</Enabled>
                </Item>
                <Item Id="{7ba1f03b-60b0-4b24-a571-9d4a8e73a64e}" />
                <Item Id="{93b4009f-dd82-47e7-a675-90df06c488f0}">
                  <Enabled>True</Enabled>
                </Item>
                <Item Id="{34aa3b45-77fd-4777-8a09-5a4727695746}">
                  <Enabled>True</Enabled>
                </Item>
                <Item Id="{45635691-e37c-433d-ad0c-2c07a430d102}" />
                <Item Id="{dc83600a-f779-4ac7-88e4-f821aabeaeb6}" />
                <Item Id="{3593b40a-b2e6-4ab7-b44e-d1069db8dc6e}" />
                <Item Id="{a572244c-9973-435e-9164-9027b4f29615}">
                  <Enabled>True</Enabled>
                </Item>
              </Bindings>
            </Item>
            <Item Id="{9742ad00-8e7d-4f8b-902b-cdb634e79708}" />
            <Item Id="{c66047dd-1843-4f94-9785-095fbc40af81}" />
          </SubFolders>
        </Item>
        <Item Id="{318b8900-85af-4c66-b37f-8a86508e7a89}" />
        <Item Id="{d33fb6fa-56b3-40a1-b169-71e855b2e3a2}" />
        <Item Id="{4aa0656f-7150-440b-8585-509c548e9d7e}" />
      </SubFolders>
      <Bindings>
        <Item Id="{1af46bc2-f1a8-4604-9ddb-b6963428d463}">
          <Key1>
            <Shift>True</Shift>
            <KeyState>5767169</KeyState>
            <KeyCode>123</KeyCode>
            <OriginalKeyState>5767169</OriginalKeyState>
          </Key1>
          <Key2 />
          <Command>FindAllReferences</Command>
        </Item>
      </Bindings>
    </RootFolder>
  </Options>
</Root>